train_id,job_id,type,status,opened_on,closed_on,priority
T01,J001,routine,closed,2025-06-12,2025-06-15,medium
T01,J001,routine,closed,2025-06-12,2025-07-12,medium
T01,J001,routine,closed,2025-06-12,2025-08-10,medium
T01,J001,routine,closed,2025-07-09,2025-06-15,medium
T01,J001,routine,closed,2025-07-09,2025-07-12,medium
T01,J001,routine,closed,2025-07-09,2025-08-10,medium
T01,J001,routine,closed,2025-08-07,2025-06-15,medium
T01,J001,routine,closed,2025-08-07,2025-07-12,medium
T01,J001,routine,closed,2025-08-07,2025-08-10,medium
T02,J002,safety,closed,2025-05-17,2025-05-19,high
T02,J002,safety,closed,2025-05-17,2025-06-02,high
T02,J002,safety,closed,2025-05-17,2025-07-04,high
T02,J002,safety,closed,2025-05-31,2025-05-19,high
T02,J002,safety,closed,2025-05-31,2025-06-02,high
T02,J002,safety,closed,2025-05-31,2025-07-04,high
T02,J002,safety,closed,2025-07-02,2025-05-19,high
T02,J002,safety,closed,2025-07-02,2025-06-02,high
T02,J002,safety,closed,2025-07-02,2025-07-04,high
T03,J003,cosmetic,closed,2025-07-27,2025-08-01,low
T03,J003,cosmetic,closed,2025-07-27,2025-05-25,low
T03,J003,cosmetic,closed,2025-07-27,2025-06-09,low
T03,J003,cosmetic,closed,2025-05-20,2025-08-01,low
T03,J003,cosmetic,closed,2025-05-20,2025-05-25,low
T03,J003,cosmetic,closed,2025-05-20,2025-06-09,low
T03,J003,cosmetic,closed,2025-06-04,2025-08-01,low
T03,J003,cosmetic,closed,2025-06-04,2025-05-25,low
T03,J003,cosmetic,closed,2025-06-04,2025-06-09,low
T04,J004,routine,open,2025-06-18,,medium
T04,J004,routine,open,2025-06-18,,medium
T04,J004,routine,open,2025-06-18,,medium
T04,J004,routine,open,2025-07-23,,medium
T04,J004,routine,open,2025-07-23,,medium
T04,J004,routine,open,2025-07-23,,medium
T04,J004,routine,open,2025-09-02,,medium
T04,J004,routine,open,2025-09-02,,medium
T04,J004,routine,open,2025-09-02,,medium
T05,J005,safety,closed,2025-07-22,2025-07-23,high
T05,J005,safety,closed,2025-07-22,2025-05-18,high
T05,J005,safety,closed,2025-07-22,2025-06-20,high
T05,J005,safety,closed,2025-05-17,2025-07-23,high
T05,J005,safety,closed,2025-05-17,2025-05-18,high
T05,J005,safety,closed,2025-05-17,2025-06-20,high
T05,J005,safety,closed,2025-06-19,2025-07-23,high
T05,J005,safety,closed,2025-06-19,2025-05-18,high
T05,J005,safety,closed,2025-06-19,2025-06-20,high
T01,J006,cosmetic,closed,2025-06-15,2025-06-20,low
T01,J006,cosmetic,closed,2025-06-15,2025-07-17,low
T01,J006,cosmetic,closed,2025-06-15,2025-08-15,low
T01,J006,cosmetic,closed,2025-07-12,2025-06-20,low
T01,J006,cosmetic,closed,2025-07-12,2025-07-17,low
T01,J006,cosmetic,closed,2025-07-12,2025-08-15,low
T01,J006,cosmetic,closed,2025-08-10,2025-06-20,low
T01,J006,cosmetic,closed,2025-08-10,2025-07-17,low
T01,J006,cosmetic,closed,2025-08-10,2025-08-15,low
T06,J007,routine,closed,2025-05-16,2025-05-20,medium
T06,J007,routine,closed,2025-05-16,2025-07-26,medium
T06,J007,routine,closed,2025-05-16,2025-07-06,medium
T06,J007,routine,closed,2025-07-22,2025-05-20,medium
T06,J007,routine,closed,2025-07-22,2025-07-26,medium
T06,J007,routine,closed,2025-07-22,2025-07-06,medium
T06,J007,routine,closed,2025-07-02,2025-05-20,medium
T06,J007,routine,closed,2025-07-02,2025-07-26,medium
T06,J007,routine,closed,2025-07-02,2025-07-06,medium
T07,J008,safety,open,2025-08-20,,high
T07,J008,safety,open,2025-08-20,,high
T07,J008,safety,open,2025-08-20,,high
T07,J008,safety,open,2025-06-20,,high
T07,J008,safety,open,2025-06-20,,high
T07,J008,safety,open,2025-06-20,,high
T07,J008,safety,open,2025-05-30,,high
T07,J008,safety,open,2025-05-30,,high
T07,J008,safety,open,2025-05-30,,high
T08,J009,routine,closed,2025-06-28,2025-07-02,medium
T08,J009,routine,closed,2025-06-28,2025-07-16,medium
T08,J009,routine,closed,2025-06-28,2025-08-14,medium
T08,J009,routine,closed,2025-07-12,2025-07-02,medium
T08,J009,routine,closed,2025-07-12,2025-07-16,medium
T08,J009,routine,closed,2025-07-12,2025-08-14,medium
T08,J009,routine,closed,2025-08-10,2025-07-02,medium
T08,J009,routine,closed,2025-08-10,2025-07-16,medium
T08,J009,routine,closed,2025-08-10,2025-08-14,medium
T09,J010,cosmetic,open,2025-08-01,,low
T09,J010,cosmetic,open,2025-08-01,,low
T09,J010,cosmetic,open,2025-08-01,,low
T09,J010,cosmetic,open,2025-05-19,,low
T09,J010,cosmetic,open,2025-05-19,,low
T09,J010,cosmetic,open,2025-05-19,,low
T09,J010,cosmetic,open,2025-06-24,,low
T09,J010,cosmetic,open,2025-06-24,,low
T09,J010,cosmetic,open,2025-06-24,,low
T10,J011,routine,closed,2025-06-01,2025-06-05,medium
T10,J011,routine,closed,2025-06-01,2025-07-30,medium
T10,J011,routine,closed,2025-06-01,2025-07-08,medium
T10,J011,routine,closed,2025-07-26,2025-06-05,medium
T10,J011,routine,closed,2025-07-26,2025-07-30,medium
T10,J011,routine,closed,2025-07-26,2025-07-08,medium
T10,J011,routine,closed,2025-07-04,2025-06-05,medium
T10,J011,routine,closed,2025-07-04,2025-07-30,medium
T10,J011,routine,closed,2025-07-04,2025-07-08,medium
T02,J012,safety,closed,2025-05-21,2025-05-22,high
T02,J012,safety,closed,2025-05-21,2025-06-05,high
T02,J012,safety,closed,2025-05-21,2025-07-07,high
T02,J012,safety,closed,2025-06-04,2025-05-22,high
T02,J012,safety,closed,2025-06-04,2025-06-05,high
T02,J012,safety,closed,2025-06-04,2025-07-07,high
T02,J012,safety,closed,2025-07-06,2025-05-22,high
T02,J012,safety,closed,2025-07-06,2025-06-05,high
T02,J012,safety,closed,2025-07-06,2025-07-07,high
T11,J013,cosmetic,closed,2025-08-24,2025-08-29,low
T11,J013,cosmetic,closed,2025-08-24,2025-06-19,low
T11,J013,cosmetic,closed,2025-08-24,2025-05-29,low
T11,J013,cosmetic,closed,2025-06-14,2025-08-29,low
T11,J013,cosmetic,closed,2025-06-14,2025-06-19,low
T11,J013,cosmetic,closed,2025-06-14,2025-05-29,low
T11,J013,cosmetic,closed,2025-05-24,2025-08-29,low
T11,J013,cosmetic,closed,2025-05-24,2025-06-19,low
T11,J013,cosmetic,closed,2025-05-24,2025-05-29,low
T12,J014,routine,open,2025-07-08,,medium
T12,J014,routine,open,2025-07-08,,medium
T12,J014,routine,open,2025-07-08,,medium
T12,J014,routine,open,2025-07-22,,medium
T12,J014,routine,open,2025-07-22,,medium
T12,J014,routine,open,2025-07-22,,medium
T12,J014,routine,open,2025-08-18,,medium
T12,J014,routine,open,2025-08-18,,medium
T12,J014,routine,open,2025-08-18,,medium
T13,J015,safety,closed,2025-07-11,2025-07-13,high
T13,J015,safety,closed,2025-07-11,2025-05-23,high
T13,J015,safety,closed,2025-07-11,2025-06-18,high
T13,J015,safety,closed,2025-05-21,2025-07-13,high
T13,J015,safety,closed,2025-05-21,2025-05-23,high
T13,J015,safety,closed,2025-05-21,2025-06-18,high
T13,J015,safety,closed,2025-06-16,2025-07-13,high
T13,J015,safety,closed,2025-06-16,2025-05-23,high
T13,J015,safety,closed,2025-06-16,2025-06-18,high
T03,J016,routine,closed,2025-07-23,2025-07-27,medium
T03,J016,routine,closed,2025-07-23,2025-05-20,medium
T03,J016,routine,closed,2025-07-23,2025-06-04,medium
T03,J016,routine,closed,2025-05-16,2025-07-27,medium
T03,J016,routine,closed,2025-05-16,2025-05-20,medium
T03,J016,routine,closed,2025-05-16,2025-06-04,medium
T03,J016,routine,closed,2025-05-31,2025-07-27,medium
T03,J016,routine,closed,2025-05-31,2025-05-20,medium
T03,J016,routine,closed,2025-05-31,2025-06-04,medium
T14,J017,cosmetic,closed,2025-05-10,2025-05-14,low
T14,J017,cosmetic,closed,2025-05-10,2025-08-06,low
T14,J017,cosmetic,closed,2025-05-10,2025-07-16,low
T14,J017,cosmetic,closed,2025-08-02,2025-05-14,low
T14,J017,cosmetic,closed,2025-08-02,2025-08-06,low
T14,J017,cosmetic,closed,2025-08-02,2025-07-16,low
T14,J017,cosmetic,closed,2025-07-12,2025-05-14,low
T14,J017,cosmetic,closed,2025-07-12,2025-08-06,low
T14,J017,cosmetic,closed,2025-07-12,2025-07-16,low
T15,J018,routine,open,2025-08-25,,medium
T15,J018,routine,open,2025-08-25,,medium
T15,J018,routine,open,2025-08-25,,medium
T15,J018,routine,open,2025-06-29,,medium
T15,J018,routine,open,2025-06-29,,medium
T15,J018,routine,open,2025-06-29,,medium
T15,J018,routine,open,2025-05-25,,medium
T15,J018,routine,open,2025-05-25,,medium
T15,J018,routine,open,2025-05-25,,medium
T04,J019,safety,closed,2025-05-24,2025-05-26,high
T04,J019,safety,closed,2025-05-24,2025-06-30,high
T04,J019,safety,closed,2025-05-24,2025-08-10,high
T04,J019,safety,closed,2025-06-28,2025-05-26,high
T04,J019,safety,closed,2025-06-28,2025-06-30,high
T04,J019,safety,closed,2025-06-28,2025-08-10,high
T04,J019,safety,closed,2025-08-08,2025-05-26,high
T04,J019,safety,closed,2025-08-08,2025-06-30,high
T04,J019,safety,closed,2025-08-08,2025-08-10,high
T16,J020,cosmetic,open,2025-07-14,,low
T16,J020,cosmetic,open,2025-07-14,,low
T16,J020,cosmetic,open,2025-07-14,,low
T16,J020,cosmetic,open,2025-08-02,,low
T16,J020,cosmetic,open,2025-08-02,,low
T16,J020,cosmetic,open,2025-08-02,,low
T16,J020,cosmetic,open,2025-09-06,,low
T16,J020,cosmetic,open,2025-09-06,,low
T16,J020,cosmetic,open,2025-09-06,,low
T17,J021,routine,closed,2025-07-18,2025-07-21,medium
T17,J021,routine,closed,2025-07-18,2025-06-03,medium
T17,J021,routine,closed,2025-07-18,2025-06-14,medium
T17,J021,routine,closed,2025-05-31,2025-07-21,medium
T17,J021,routine,closed,2025-05-31,2025-06-03,medium
T17,J021,routine,closed,2025-05-31,2025-06-14,medium
T17,J021,routine,closed,2025-06-11,2025-07-21,medium
T17,J021,routine,closed,2025-06-11,2025-06-03,medium
T17,J021,routine,closed,2025-06-11,2025-06-14,medium
T05,J022,safety,closed,2025-07-14,2025-07-15,high
T05,J022,safety,closed,2025-07-14,2025-05-10,high
T05,J022,safety,closed,2025-07-14,2025-06-12,high
T05,J022,safety,closed,2025-05-09,2025-07-15,high
T05,J022,safety,closed,2025-05-09,2025-05-10,high
T05,J022,safety,closed,2025-05-09,2025-06-12,high
T05,J022,safety,closed,2025-06-11,2025-07-15,high
T05,J022,safety,closed,2025-06-11,2025-05-10,high
T05,J022,safety,closed,2025-06-11,2025-06-12,high
T18,J023,cosmetic,closed,2025-05-29,2025-06-02,low
T18,J023,cosmetic,closed,2025-05-29,2025-08-04,low
T18,J023,cosmetic,closed,2025-05-29,2025-07-17,low
T18,J023,cosmetic,closed,2025-07-31,2025-06-02,low
T18,J023,cosmetic,closed,2025-07-31,2025-08-04,low
T18,J023,cosmetic,closed,2025-07-31,2025-07-17,low
T18,J023,cosmetic,closed,2025-07-13,2025-06-02,low
T18,J023,cosmetic,closed,2025-07-13,2025-08-04,low
T18,J023,cosmetic,closed,2025-07-13,2025-07-17,low
T19,J024,routine,open,2025-09-04,,medium
T19,J024,routine,open,2025-09-04,,medium
T19,J024,routine,open,2025-09-04,,medium
T19,J024,routine,open,2025-06-28,,medium
T19,J024,routine,open,2025-06-28,,medium
T19,J024,routine,open,2025-06-28,,medium
T19,J024,routine,open,2025-06-11,,medium
T19,J024,routine,open,2025-06-11,,medium
T19,J024,routine,open,2025-06-11,,medium
T06,J025,safety,closed,2025-05-17,2025-05-18,high
T06,J025,safety,closed,2025-05-17,2025-07-24,high
T06,J025,safety,closed,2025-05-17,2025-07-04,high
T06,J025,safety,closed,2025-07-23,2025-05-18,high
T06,J025,safety,closed,2025-07-23,2025-07-24,high
T06,J025,safety,closed,2025-07-23,2025-07-04,high
T06,J025,safety,closed,2025-07-03,2025-05-18,high
T06,J025,safety,closed,2025-07-03,2025-07-24,high
T06,J025,safety,closed,2025-07-03,2025-07-04,high
T20,J026,routine,closed,2025-06-05,2025-06-08,medium
T20,J026,routine,closed,2025-06-05,2025-07-14,medium
T20,J026,routine,closed,2025-06-05,2025-08-16,medium
T20,J026,routine,closed,2025-07-11,2025-06-08,medium
T20,J026,routine,closed,2025-07-11,2025-07-14,medium
T20,J026,routine,closed,2025-07-11,2025-08-16,medium
T20,J026,routine,closed,2025-08-13,2025-06-08,medium
T20,J026,routine,closed,2025-08-13,2025-07-14,medium
T20,J026,routine,closed,2025-08-13,2025-08-16,medium
T07,J027,cosmetic,closed,2025-08-14,2025-08-18,low
T07,J027,cosmetic,closed,2025-08-14,2025-06-18,low
T07,J027,cosmetic,closed,2025-08-14,2025-05-28,low
T07,J027,cosmetic,closed,2025-06-14,2025-08-18,low
T07,J027,cosmetic,closed,2025-06-14,2025-06-18,low
T07,J027,cosmetic,closed,2025-06-14,2025-05-28,low
T07,J027,cosmetic,closed,2025-05-24,2025-08-18,low
T07,J027,cosmetic,closed,2025-05-24,2025-06-18,low
T07,J027,cosmetic,closed,2025-05-24,2025-05-28,low
T21,J028,routine,open,2025-07-30,,medium
T21,J028,routine,open,2025-07-30,,medium
T21,J028,routine,open,2025-07-30,,medium
T21,J028,routine,open,2025-05-29,,medium
T21,J028,routine,open,2025-05-29,,medium
T21,J028,routine,open,2025-05-29,,medium
T21,J028,routine,open,2025-07-02,,medium
T21,J028,routine,open,2025-07-02,,medium
T21,J028,routine,open,2025-07-02,,medium
T08,J029,safety,open,2025-07-05,,high
T08,J029,safety,open,2025-07-05,,high
T08,J029,safety,open,2025-07-05,,high
T08,J029,safety,open,2025-07-19,,high
T08,J029,safety,open,2025-07-19,,high
T08,J029,safety,open,2025-07-19,,high
T08,J029,safety,open,2025-08-17,,high
T08,J029,safety,open,2025-08-17,,high
T08,J029,safety,open,2025-08-17,,high
T22,J030,cosmetic,closed,2025-05-23,2025-05-27,low
T22,J030,cosmetic,closed,2025-05-23,2025-08-04,low
T22,J030,cosmetic,closed,2025-05-23,2025-07-17,low
T22,J030,cosmetic,closed,2025-07-31,2025-05-27,low
T22,J030,cosmetic,closed,2025-07-31,2025-08-04,low
T22,J030,cosmetic,closed,2025-07-31,2025-07-17,low
T22,J030,cosmetic,closed,2025-07-13,2025-05-27,low
T22,J030,cosmetic,closed,2025-07-13,2025-08-04,low
T22,J030,cosmetic,closed,2025-07-13,2025-07-17,low
T09,J031,routine,closed,2025-07-19,2025-07-22,medium
T09,J031,routine,closed,2025-07-19,2025-05-09,medium
T09,J031,routine,closed,2025-07-19,2025-06-14,medium
T09,J031,routine,closed,2025-05-06,2025-07-22,medium
T09,J031,routine,closed,2025-05-06,2025-05-09,medium
T09,J031,routine,closed,2025-05-06,2025-06-14,medium
T09,J031,routine,closed,2025-06-11,2025-07-22,medium
T09,J031,routine,closed,2025-06-11,2025-05-09,medium
T09,J031,routine,closed,2025-06-11,2025-06-14,medium
T23,J032,safety,closed,2025-08-03,2025-08-04,high
T23,J032,safety,closed,2025-08-03,2025-06-14,high
T23,J032,safety,closed,2025-08-03,2025-05-04,high
T23,J032,safety,closed,2025-06-13,2025-08-04,high
T23,J032,safety,closed,2025-06-13,2025-06-14,high
T23,J032,safety,closed,2025-06-13,2025-05-04,high
T23,J032,safety,closed,2025-05-03,2025-08-04,high
T23,J032,safety,closed,2025-05-03,2025-06-14,high
T23,J032,safety,closed,2025-05-03,2025-05-04,high
T10,J033,cosmetic,open,2025-06-12,,low
T10,J033,cosmetic,open,2025-06-12,,low
T10,J033,cosmetic,open,2025-06-12,,low
T10,J033,cosmetic,open,2025-08-06,,low
T10,J033,cosmetic,open,2025-08-06,,low
T10,J033,cosmetic,open,2025-08-06,,low
T10,J033,cosmetic,open,2025-07-15,,low
T10,J033,cosmetic,open,2025-07-15,,low
T10,J033,cosmetic,open,2025-07-15,,low
T24,J034,routine,closed,2025-06-25,2025-06-28,medium
T24,J034,routine,closed,2025-06-25,2025-07-18,medium
T24,J034,routine,closed,2025-06-25,2025-08-20,medium
T24,J034,routine,closed,2025-07-15,2025-06-28,medium
T24,J034,routine,closed,2025-07-15,2025-07-18,medium
T24,J034,routine,closed,2025-07-15,2025-08-20,medium
T24,J034,routine,closed,2025-08-17,2025-06-28,medium
T24,J034,routine,closed,2025-08-17,2025-07-18,medium
T24,J034,routine,closed,2025-08-17,2025-08-20,medium
T11,J035,safety,closed,2025-08-14,2025-08-16,high
T11,J035,safety,closed,2025-08-14,2025-06-06,high
T11,J035,safety,closed,2025-08-14,2025-05-16,high
T11,J035,safety,closed,2025-06-04,2025-08-16,high
T11,J035,safety,closed,2025-06-04,2025-06-06,high
T11,J035,safety,closed,2025-06-04,2025-05-16,high
T11,J035,safety,closed,2025-05-14,2025-08-16,high
T11,J035,safety,closed,2025-05-14,2025-06-06,high
T11,J035,safety,closed,2025-05-14,2025-05-16,high
T25,J036,routine,open,2025-07-23,,medium
T25,J036,routine,open,2025-07-23,,medium
T25,J036,routine,open,2025-07-23,,medium
T25,J036,routine,open,2025-05-18,,medium
T25,J036,routine,open,2025-05-18,,medium
T25,J036,routine,open,2025-05-18,,medium
T25,J036,routine,open,2025-06-28,,medium
T25,J036,routine,open,2025-06-28,,medium
T25,J036,routine,open,2025-06-28,,medium
T01,J037,cosmetic,closed,2025-06-22,2025-06-25,low
T01,J037,cosmetic,closed,2025-06-22,2025-07-22,low
T01,J037,cosmetic,closed,2025-06-22,2025-08-20,low
T01,J037,cosmetic,closed,2025-07-19,2025-06-25,low
T01,J037,cosmetic,closed,2025-07-19,2025-07-22,low
T01,J037,cosmetic,closed,2025-07-19,2025-08-20,low
T01,J037,cosmetic,closed,2025-08-17,2025-06-25,low
T01,J037,cosmetic,closed,2025-08-17,2025-07-22,low
T01,J037,cosmetic,closed,2025-08-17,2025-08-20,low
T12,J038,routine,closed,2025-06-22,2025-06-25,medium
T12,J038,routine,closed,2025-06-22,2025-07-09,medium
T12,J038,routine,closed,2025-06-22,2025-08-05,medium
T12,J038,routine,closed,2025-07-06,2025-06-25,medium
T12,J038,routine,closed,2025-07-06,2025-07-09,medium
T12,J038,routine,closed,2025-07-06,2025-08-05,medium
T12,J038,routine,closed,2025-08-02,2025-06-25,medium
T12,J038,routine,closed,2025-08-02,2025-07-09,medium
T12,J038,routine,closed,2025-08-02,2025-08-05,medium
T02,J039,safety,open,2025-06-10,,high
T02,J039,safety,open,2025-06-10,,high
T02,J039,safety,open,2025-06-10,,high
T02,J039,safety,open,2025-06-24,,high
T02,J039,safety,open,2025-06-24,,high
T02,J039,safety,open,2025-06-24,,high
T02,J039,safety,open,2025-07-26,,high
T02,J039,safety,open,2025-07-26,,high
T02,J039,safety,open,2025-07-26,,high
T13,J040,cosmetic,closed,2025-07-20,2025-07-24,low
T13,J040,cosmetic,closed,2025-07-20,2025-06-03,low
T13,J040,cosmetic,closed,2025-07-20,2025-06-29,low
T13,J040,cosmetic,closed,2025-05-30,2025-07-24,low
T13,J040,cosmetic,closed,2025-05-30,2025-06-03,low
T13,J040,cosmetic,closed,2025-05-30,2025-06-29,low
T13,J040,cosmetic,closed,2025-06-25,2025-07-24,low
T13,J040,cosmetic,closed,2025-06-25,2025-06-03,low
T13,J040,cosmetic,closed,2025-06-25,2025-06-29,low
T14,J041,routine,closed,2025-05-10,2025-05-13,medium
T14,J041,routine,closed,2025-05-10,2025-08-05,medium
T14,J041,routine,closed,2025-05-10,2025-07-15,medium
T14,J041,routine,closed,2025-08-02,2025-05-13,medium
T14,J041,routine,closed,2025-08-02,2025-08-05,medium
T14,J041,routine,closed,2025-08-02,2025-07-15,medium
T14,J041,routine,closed,2025-07-12,2025-05-13,medium
T14,J041,routine,closed,2025-07-12,2025-08-05,medium
T14,J041,routine,closed,2025-07-12,2025-07-15,medium
T03,J042,safety,closed,2025-07-19,2025-07-21,high
T03,J042,safety,closed,2025-07-19,2025-05-14,high
T03,J042,safety,closed,2025-07-19,2025-05-29,high
T03,J042,safety,closed,2025-05-12,2025-07-21,high
T03,J042,safety,closed,2025-05-12,2025-05-14,high
T03,J042,safety,closed,2025-05-12,2025-05-29,high
T03,J042,safety,closed,2025-05-27,2025-07-21,high
T03,J042,safety,closed,2025-05-27,2025-05-14,high
T03,J042,safety,closed,2025-05-27,2025-05-29,high
T15,J043,cosmetic,open,2025-08-27,,low
T15,J043,cosmetic,open,2025-08-27,,low
T15,J043,cosmetic,open,2025-08-27,,low
T15,J043,cosmetic,open,2025-07-01,,low
T15,J043,cosmetic,open,2025-07-01,,low
T15,J043,cosmetic,open,2025-07-01,,low
T15,J043,cosmetic,open,2025-05-27,,low
T15,J043,cosmetic,open,2025-05-27,,low
T15,J043,cosmetic,open,2025-05-27,,low
T16,J044,routine,open,2025-07-15,,medium
T16,J044,routine,open,2025-07-15,,medium
T16,J044,routine,open,2025-07-15,,medium
T16,J044,routine,open,2025-08-03,,medium
T16,J044,routine,open,2025-08-03,,medium
T16,J044,routine,open,2025-08-03,,medium
T16,J044,routine,open,2025-09-07,,medium
T16,J044,routine,open,2025-09-07,,medium
T16,J044,routine,open,2025-09-07,,medium
T04,J045,safety,closed,2025-06-06,2025-06-07,high
T04,J045,safety,closed,2025-06-06,2025-07-12,high
T04,J045,safety,closed,2025-06-06,2025-08-22,high
T04,J045,safety,closed,2025-07-11,2025-06-07,high
T04,J045,safety,closed,2025-07-11,2025-07-12,high
T04,J045,safety,closed,2025-07-11,2025-08-22,high
T04,J045,safety,closed,2025-08-21,2025-06-07,high
T04,J045,safety,closed,2025-08-21,2025-07-12,high
T04,J045,safety,closed,2025-08-21,2025-08-22,high
T17,J046,cosmetic,closed,2025-07-24,2025-07-28,low
T17,J046,cosmetic,closed,2025-07-24,2025-06-10,low
T17,J046,cosmetic,closed,2025-07-24,2025-06-21,low
T17,J046,cosmetic,closed,2025-06-06,2025-07-28,low
T17,J046,cosmetic,closed,2025-06-06,2025-06-10,low
T17,J046,cosmetic,closed,2025-06-06,2025-06-21,low
T17,J046,cosmetic,closed,2025-06-17,2025-07-28,low
T17,J046,cosmetic,closed,2025-06-17,2025-06-10,low
T17,J046,cosmetic,closed,2025-06-17,2025-06-21,low
T18,J047,routine,closed,2025-05-17,2025-05-20,medium
T18,J047,routine,closed,2025-05-17,2025-07-22,medium
T18,J047,routine,closed,2025-05-17,2025-07-04,medium
T18,J047,routine,closed,2025-07-19,2025-05-20,medium
T18,J047,routine,closed,2025-07-19,2025-07-22,medium
T18,J047,routine,closed,2025-07-19,2025-07-04,medium
T18,J047,routine,closed,2025-07-01,2025-05-20,medium
T18,J047,routine,closed,2025-07-01,2025-07-22,medium
T18,J047,routine,closed,2025-07-01,2025-07-04,medium
T05,J048,safety,closed,2025-07-12,2025-07-13,high
T05,J048,safety,closed,2025-07-12,2025-05-08,high
T05,J048,safety,closed,2025-07-12,2025-06-10,high
T05,J048,safety,closed,2025-05-07,2025-07-13,high
T05,J048,safety,closed,2025-05-07,2025-05-08,high
T05,J048,safety,closed,2025-05-07,2025-06-10,high
T05,J048,safety,closed,2025-06-09,2025-07-13,high
T05,J048,safety,closed,2025-06-09,2025-05-08,high
T05,J048,safety,closed,2025-06-09,2025-06-10,high
T19,J049,routine,open,2025-08-30,,medium
T19,J049,routine,open,2025-08-30,,medium
T19,J049,routine,open,2025-08-30,,medium
T19,J049,routine,open,2025-06-23,,medium
T19,J049,routine,open,2025-06-23,,medium
T19,J049,routine,open,2025-06-23,,medium
T19,J049,routine,open,2025-06-06,,medium
T19,J049,routine,open,2025-06-06,,medium
T19,J049,routine,open,2025-06-06,,medium
T20,J050,cosmetic,closed,2025-06-11,2025-06-15,low
T20,J050,cosmetic,closed,2025-06-11,2025-07-21,low
T20,J050,cosmetic,closed,2025-06-11,2025-08-23,low
T20,J050,cosmetic,closed,2025-07-17,2025-06-15,low
T20,J050,cosmetic,closed,2025-07-17,2025-07-21,low
T20,J050,cosmetic,closed,2025-07-17,2025-08-23,low
T20,J050,cosmetic,closed,2025-08-19,2025-06-15,low
T20,J050,cosmetic,closed,2025-08-19,2025-07-21,low
T20,J050,cosmetic,closed,2025-08-19,2025-08-23,low
T06,J051,routine,closed,2025-05-25,2025-05-28,medium
T06,J051,routine,closed,2025-05-25,2025-08-03,medium
T06,J051,routine,closed,2025-05-25,2025-07-14,medium
T06,J051,routine,closed,2025-07-31,2025-05-28,medium
T06,J051,routine,closed,2025-07-31,2025-08-03,medium
T06,J051,routine,closed,2025-07-31,2025-07-14,medium
T06,J051,routine,closed,2025-07-11,2025-05-28,medium
T06,J051,routine,closed,2025-07-11,2025-08-03,medium
T06,J051,routine,closed,2025-07-11,2025-07-14,medium
T21,J052,safety,open,2025-07-30,,high
T21,J052,safety,open,2025-07-30,,high
T21,J052,safety,open,2025-07-30,,high
T21,J052,safety,open,2025-05-29,,high
T21,J052,safety,open,2025-05-29,,high
T21,J052,safety,open,2025-05-29,,high
T21,J052,safety,open,2025-07-02,,high
T21,J052,safety,open,2025-07-02,,high
T21,J052,safety,open,2025-07-02,,high
T07,J053,cosmetic,closed,2025-08-13,2025-08-16,low
T07,J053,cosmetic,closed,2025-08-13,2025-06-16,low
T07,J053,cosmetic,closed,2025-08-13,2025-05-26,low
T07,J053,cosmetic,closed,2025-06-13,2025-08-16,low
T07,J053,cosmetic,closed,2025-06-13,2025-06-16,low
T07,J053,cosmetic,closed,2025-06-13,2025-05-26,low
T07,J053,cosmetic,closed,2025-05-23,2025-08-16,low
T07,J053,cosmetic,closed,2025-05-23,2025-06-16,low
T07,J053,cosmetic,closed,2025-05-23,2025-05-26,low
T22,J054,routine,closed,2025-05-11,2025-05-14,medium
T22,J054,routine,closed,2025-05-11,2025-07-22,medium
T22,J054,routine,closed,2025-05-11,2025-07-04,medium
T22,J054,routine,closed,2025-07-19,2025-05-14,medium
T22,J054,routine,closed,2025-07-19,2025-07-22,medium
T22,J054,routine,closed,2025-07-19,2025-07-04,medium
T22,J054,routine,closed,2025-07-01,2025-05-14,medium
T22,J054,routine,closed,2025-07-01,2025-07-22,medium
T22,J054,routine,closed,2025-07-01,2025-07-04,medium
T08,J055,safety,closed,2025-06-14,2025-06-15,high
T08,J055,safety,closed,2025-06-14,2025-06-29,high
T08,J055,safety,closed,2025-06-14,2025-07-28,high
T08,J055,safety,closed,2025-06-28,2025-06-15,high
T08,J055,safety,closed,2025-06-28,2025-06-29,high
T08,J055,safety,closed,2025-06-28,2025-07-28,high
T08,J055,safety,closed,2025-07-27,2025-06-15,high
T08,J055,safety,closed,2025-07-27,2025-06-29,high
T08,J055,safety,closed,2025-07-27,2025-07-28,high
T23,J056,cosmetic,open,2025-08-22,,low
T23,J056,cosmetic,open,2025-08-22,,low
T23,J056,cosmetic,open,2025-08-22,,low
T23,J056,cosmetic,open,2025-07-02,,low
T23,J056,cosmetic,open,2025-07-02,,low
T23,J056,cosmetic,open,2025-07-02,,low
T23,J056,cosmetic,open,2025-05-22,,low
T23,J056,cosmetic,open,2025-05-22,,low
T23,J056,cosmetic,open,2025-05-22,,low
T09,J057,routine,open,2025-08-06,,medium
T09,J057,routine,open,2025-08-06,,medium
T09,J057,routine,open,2025-08-06,,medium
T09,J057,routine,open,2025-05-24,,medium
T09,J057,routine,open,2025-05-24,,medium
T09,J057,routine,open,2025-05-24,,medium
T09,J057,routine,open,2025-06-29,,medium
T09,J057,routine,open,2025-06-29,,medium
T09,J057,routine,open,2025-06-29,,medium
T24,J058,safety,closed,2025-06-20,2025-06-21,high
T24,J058,safety,closed,2025-06-20,2025-07-11,high
T24,J058,safety,closed,2025-06-20,2025-08-13,high
T24,J058,safety,closed,2025-07-10,2025-06-21,high
T24,J058,safety,closed,2025-07-10,2025-07-11,high
T24,J058,safety,closed,2025-07-10,2025-08-13,high
T24,J058,safety,closed,2025-08-12,2025-06-21,high
T24,J058,safety,closed,2025-08-12,2025-07-11,high
T24,J058,safety,closed,2025-08-12,2025-08-13,high
T10,J059,cosmetic,closed,2025-06-04,2025-06-07,low
T10,J059,cosmetic,closed,2025-06-04,2025-08-01,low
T10,J059,cosmetic,closed,2025-06-04,2025-07-10,low
T10,J059,cosmetic,closed,2025-07-29,2025-06-07,low
T10,J059,cosmetic,closed,2025-07-29,2025-08-01,low
T10,J059,cosmetic,closed,2025-07-29,2025-07-10,low
T10,J059,cosmetic,closed,2025-07-07,2025-06-07,low
T10,J059,cosmetic,closed,2025-07-07,2025-08-01,low
T10,J059,cosmetic,closed,2025-07-07,2025-07-10,low
T25,J060,routine,closed,2025-07-09,2025-07-12,medium
T25,J060,routine,closed,2025-07-09,2025-05-07,medium
T25,J060,routine,closed,2025-07-09,2025-06-17,medium
T25,J060,routine,closed,2025-05-04,2025-07-12,medium
T25,J060,routine,closed,2025-05-04,2025-05-07,medium
T25,J060,routine,closed,2025-05-04,2025-06-17,medium
T25,J060,routine,closed,2025-06-14,2025-07-12,medium
T25,J060,routine,closed,2025-06-14,2025-05-07,medium
T25,J060,routine,closed,2025-06-14,2025-06-17,medium
T11,J061,safety,closed,2025-08-07,2025-08-08,high
T11,J061,safety,closed,2025-08-07,2025-05-29,high
T11,J061,safety,closed,2025-08-07,2025-05-08,high
T11,J061,safety,closed,2025-05-28,2025-08-08,high
T11,J061,safety,closed,2025-05-28,2025-05-29,high
T11,J061,safety,closed,2025-05-28,2025-05-08,high
T11,J061,safety,closed,2025-05-07,2025-08-08,high
T11,J061,safety,closed,2025-05-07,2025-05-29,high
T11,J061,safety,closed,2025-05-07,2025-05-08,high
T01,J062,routine,open,2025-07-01,,medium
T01,J062,routine,open,2025-07-01,,medium
T01,J062,routine,open,2025-07-01,,medium
T01,J062,routine,open,2025-07-28,,medium
T01,J062,routine,open,2025-07-28,,medium
T01,J062,routine,open,2025-07-28,,medium
T01,J062,routine,open,2025-08-26,,medium
T01,J062,routine,open,2025-08-26,,medium
T01,J062,routine,open,2025-08-26,,medium
T12,J063,cosmetic,closed,2025-07-03,2025-07-07,low
T12,J063,cosmetic,closed,2025-07-03,2025-07-21,low
T12,J063,cosmetic,closed,2025-07-03,2025-08-17,low
T12,J063,cosmetic,closed,2025-07-17,2025-07-07,low
T12,J063,cosmetic,closed,2025-07-17,2025-07-21,low
T12,J063,cosmetic,closed,2025-07-17,2025-08-17,low
T12,J063,cosmetic,closed,2025-08-13,2025-07-07,low
T12,J063,cosmetic,closed,2025-08-13,2025-07-21,low
T12,J063,cosmetic,closed,2025-08-13,2025-08-17,low
T02,J064,routine,closed,2025-05-27,2025-05-30,medium
T02,J064,routine,closed,2025-05-27,2025-06-13,medium
T02,J064,routine,closed,2025-05-27,2025-07-15,medium
T02,J064,routine,closed,2025-06-10,2025-05-30,medium
T02,J064,routine,closed,2025-06-10,2025-06-13,medium
T02,J064,routine,closed,2025-06-10,2025-07-15,medium
T02,J064,routine,closed,2025-07-12,2025-05-30,medium
T02,J064,routine,closed,2025-07-12,2025-06-13,medium
T02,J064,routine,closed,2025-07-12,2025-07-15,medium
T13,J065,safety,open,2025-07-28,,high
T13,J065,safety,open,2025-07-28,,high
T13,J065,safety,open,2025-07-28,,high
T13,J065,safety,open,2025-06-07,,high
T13,J065,safety,open,2025-06-07,,high
T13,J065,safety,open,2025-06-07,,high
T13,J065,safety,open,2025-07-03,,high
T13,J065,safety,open,2025-07-03,,high
T13,J065,safety,open,2025-07-03,,high
T03,J066,cosmetic,closed,2025-07-31,2025-08-03,low
T03,J066,cosmetic,closed,2025-07-31,2025-05-27,low
T03,J066,cosmetic,closed,2025-07-31,2025-06-11,low
T03,J066,cosmetic,closed,2025-05-24,2025-08-03,low
T03,J066,cosmetic,closed,2025-05-24,2025-05-27,low
T03,J066,cosmetic,closed,2025-05-24,2025-06-11,low
T03,J066,cosmetic,closed,2025-06-08,2025-08-03,low
T03,J066,cosmetic,closed,2025-06-08,2025-05-27,low
T03,J066,cosmetic,closed,2025-06-08,2025-06-11,low
T14,J067,routine,closed,2025-04-30,2025-05-03,medium
T14,J067,routine,closed,2025-04-30,2025-07-26,medium
T14,J067,routine,closed,2025-04-30,2025-07-05,medium
T14,J067,routine,closed,2025-07-23,2025-05-03,medium
T14,J067,routine,closed,2025-07-23,2025-07-26,medium
T14,J067,routine,closed,2025-07-23,2025-07-05,medium
T14,J067,routine,closed,2025-07-02,2025-05-03,medium
T14,J067,routine,closed,2025-07-02,2025-07-26,medium
T14,J067,routine,closed,2025-07-02,2025-07-05,medium
T15,J068,safety,closed,2025-08-01,2025-08-02,high
T15,J068,safety,closed,2025-08-01,2025-06-06,high
T15,J068,safety,closed,2025-08-01,2025-05-02,high
T15,J068,safety,closed,2025-06-05,2025-08-02,high
T15,J068,safety,closed,2025-06-05,2025-06-06,high
T15,J068,safety,closed,2025-06-05,2025-05-02,high
T15,J068,safety,closed,2025-05-01,2025-08-02,high
T15,J068,safety,closed,2025-05-01,2025-06-06,high
T15,J068,safety,closed,2025-05-01,2025-05-02,high
T04,J069,cosmetic,open,2025-06-14,,low
T04,J069,cosmetic,open,2025-06-14,,low
T04,J069,cosmetic,open,2025-06-14,,low
T04,J069,cosmetic,open,2025-07-19,,low
T04,J069,cosmetic,open,2025-07-19,,low
T04,J069,cosmetic,open,2025-07-19,,low
T04,J069,cosmetic,open,2025-08-29,,low
T04,J069,cosmetic,open,2025-08-29,,low
T04,J069,cosmetic,open,2025-08-29,,low
T16,J070,routine,open,2025-07-12,,medium
T16,J070,routine,open,2025-07-12,,medium
T16,J070,routine,open,2025-07-12,,medium
T16,J070,routine,open,2025-07-31,,medium
T16,J070,routine,open,2025-07-31,,medium
T16,J070,routine,open,2025-07-31,,medium
T16,J070,routine,open,2025-09-04,,medium
T16,J070,routine,open,2025-09-04,,medium
T16,J070,routine,open,2025-09-04,,medium
T17,J071,safety,closed,2025-07-17,2025-07-18,high
T17,J071,safety,closed,2025-07-17,2025-05-31,high
T17,J071,safety,closed,2025-07-17,2025-06-11,high
T17,J071,safety,closed,2025-05-30,2025-07-18,high
T17,J071,safety,closed,2025-05-30,2025-05-31,high
T17,J071,safety,closed,2025-05-30,2025-06-11,high
T17,J071,safety,closed,2025-06-10,2025-07-18,high
T17,J071,safety,closed,2025-06-10,2025-05-31,high
T17,J071,safety,closed,2025-06-10,2025-06-11,high
T05,J072,cosmetic,closed,2025-07-25,2025-07-29,low
T05,J072,cosmetic,closed,2025-07-25,2025-05-24,low
T05,J072,cosmetic,closed,2025-07-25,2025-06-26,low
T05,J072,cosmetic,closed,2025-05-20,2025-07-29,low
T05,J072,cosmetic,closed,2025-05-20,2025-05-24,low
T05,J072,cosmetic,closed,2025-05-20,2025-06-26,low
T05,J072,cosmetic,closed,2025-06-22,2025-07-29,low
T05,J072,cosmetic,closed,2025-06-22,2025-05-24,low
T05,J072,cosmetic,closed,2025-06-22,2025-06-26,low
T18,J073,routine,closed,2025-05-17,2025-05-20,medium
T18,J073,routine,closed,2025-05-17,2025-07-22,medium
T18,J073,routine,closed,2025-05-17,2025-07-04,medium
T18,J073,routine,closed,2025-07-19,2025-05-20,medium
T18,J073,routine,closed,2025-07-19,2025-07-22,medium
T18,J073,routine,closed,2025-07-19,2025-07-04,medium
T18,J073,routine,closed,2025-07-01,2025-05-20,medium
T18,J073,routine,closed,2025-07-01,2025-07-22,medium
T18,J073,routine,closed,2025-07-01,2025-07-04,medium
T19,J074,safety,closed,2025-08-12,2025-08-13,high
T19,J074,safety,closed,2025-08-12,2025-06-06,high
T19,J074,safety,closed,2025-08-12,2025-05-20,high
T19,J074,safety,closed,2025-06-05,2025-08-13,high
T19,J074,safety,closed,2025-06-05,2025-06-06,high
T19,J074,safety,closed,2025-06-05,2025-05-20,high
T19,J074,safety,closed,2025-05-19,2025-08-13,high
T19,J074,safety,closed,2025-05-19,2025-06-06,high
T19,J074,safety,closed,2025-05-19,2025-05-20,high
T06,J075,routine,open,2025-06-11,,medium
T06,J075,routine,open,2025-06-11,,medium
T06,J075,routine,open,2025-06-11,,medium
T06,J075,routine,open,2025-08-17,,medium
T06,J075,routine,open,2025-08-17,,medium
T06,J075,routine,open,2025-08-17,,medium
T06,J075,routine,open,2025-07-28,,medium
T06,J075,routine,open,2025-07-28,,medium
T06,J075,routine,open,2025-07-28,,medium
T20,J076,cosmetic,closed,2025-06-15,2025-06-19,low
T20,J076,cosmetic,closed,2025-06-15,2025-07-25,low
T20,J076,cosmetic,closed,2025-06-15,2025-08-27,low
T20,J076,cosmetic,closed,2025-07-21,2025-06-19,low
T20,J076,cosmetic,closed,2025-07-21,2025-07-25,low
T20,J076,cosmetic,closed,2025-07-21,2025-08-27,low
T20,J076,cosmetic,closed,2025-08-23,2025-06-19,low
T20,J076,cosmetic,closed,2025-08-23,2025-07-25,low
T20,J076,cosmetic,closed,2025-08-23,2025-08-27,low
T21,J077,routine,closed,2025-07-23,2025-07-26,medium
T21,J077,routine,closed,2025-07-23,2025-05-25,medium
T21,J077,routine,closed,2025-07-23,2025-06-28,medium
T21,J077,routine,closed,2025-05-22,2025-07-26,medium
T21,J077,routine,closed,2025-05-22,2025-05-25,medium
T21,J077,routine,closed,2025-05-22,2025-06-28,medium
T21,J077,routine,closed,2025-06-25,2025-07-26,medium
T21,J077,routine,closed,2025-06-25,2025-05-25,medium
T21,J077,routine,closed,2025-06-25,2025-06-28,medium
T07,J078,safety,open,2025-08-20,,high
T07,J078,safety,open,2025-08-20,,high
T07,J078,safety,open,2025-08-20,,high
T07,J078,safety,open,2025-06-20,,high
T07,J078,safety,open,2025-06-20,,high
T07,J078,safety,open,2025-06-20,,high
T07,J078,safety,open,2025-05-30,,high
T07,J078,safety,open,2025-05-30,,high
T07,J078,safety,open,2025-05-30,,high
T22,J079,cosmetic,closed,2025-05-18,2025-05-21,low
T22,J079,cosmetic,closed,2025-05-18,2025-07-29,low
T22,J079,cosmetic,closed,2025-05-18,2025-07-11,low
T22,J079,cosmetic,closed,2025-07-26,2025-05-21,low
T22,J079,cosmetic,closed,2025-07-26,2025-07-29,low
T22,J079,cosmetic,closed,2025-07-26,2025-07-11,low
T22,J079,cosmetic,closed,2025-07-08,2025-05-21,low
T22,J079,cosmetic,closed,2025-07-08,2025-07-29,low
T22,J079,cosmetic,closed,2025-07-08,2025-07-11,low
T08,J080,routine,closed,2025-06-21,2025-06-24,medium
T08,J080,routine,closed,2025-06-21,2025-07-08,medium
T08,J080,routine,closed,2025-06-21,2025-08-06,medium
T08,J080,routine,closed,2025-07-05,2025-06-24,medium
T08,J080,routine,closed,2025-07-05,2025-07-08,medium
T08,J080,routine,closed,2025-07-05,2025-08-06,medium
T08,J080,routine,closed,2025-08-03,2025-06-24,medium
T08,J080,routine,closed,2025-08-03,2025-07-08,medium
T08,J080,routine,closed,2025-08-03,2025-08-06,medium
T23,J081,safety,closed,2025-08-06,2025-08-07,high
T23,J081,safety,closed,2025-08-06,2025-06-17,high
T23,J081,safety,closed,2025-08-06,2025-05-07,high
T23,J081,safety,closed,2025-06-16,2025-08-07,high
T23,J081,safety,closed,2025-06-16,2025-06-17,high
T23,J081,safety,closed,2025-06-16,2025-05-07,high
T23,J081,safety,closed,2025-05-06,2025-08-07,high
T23,J081,safety,closed,2025-05-06,2025-06-17,high
T23,J081,safety,closed,2025-05-06,2025-05-07,high
T09,J082,cosmetic,open,2025-08-03,,low
T09,J082,cosmetic,open,2025-08-03,,low
T09,J082,cosmetic,open,2025-08-03,,low
T09,J082,cosmetic,open,2025-05-21,,low
T09,J082,cosmetic,open,2025-05-21,,low
T09,J082,cosmetic,open,2025-05-21,,low
T09,J082,cosmetic,open,2025-06-26,,low
T09,J082,cosmetic,open,2025-06-26,,low
T09,J082,cosmetic,open,2025-06-26,,low
T24,J083,routine,open,2025-07-08,,medium
T24,J083,routine,open,2025-07-08,,medium
T24,J083,routine,open,2025-07-08,,medium
T24,J083,routine,open,2025-07-28,,medium
T24,J083,routine,open,2025-07-28,,medium
T24,J083,routine,open,2025-07-28,,medium
T24,J083,routine,open,2025-08-30,,medium
T24,J083,routine,open,2025-08-30,,medium
T24,J083,routine,open,2025-08-30,,medium
T10,J084,safety,closed,2025-05-22,2025-05-23,high
T10,J084,safety,closed,2025-05-22,2025-07-17,high
T10,J084,safety,closed,2025-05-22,2025-06-25,high
T10,J084,safety,closed,2025-07-16,2025-05-23,high
T10,J084,safety,closed,2025-07-16,2025-07-17,high
T10,J084,safety,closed,2025-07-16,2025-06-25,high
T10,J084,safety,closed,2025-06-24,2025-05-23,high
T10,J084,safety,closed,2025-06-24,2025-07-17,high
T10,J084,safety,closed,2025-06-24,2025-06-25,high
T25,J085,cosmetic,closed,2025-07-14,2025-07-17,low
T25,J085,cosmetic,closed,2025-07-14,2025-05-12,low
T25,J085,cosmetic,closed,2025-07-14,2025-06-22,low
T25,J085,cosmetic,closed,2025-05-09,2025-07-17,low
T25,J085,cosmetic,closed,2025-05-09,2025-05-12,low
T25,J085,cosmetic,closed,2025-05-09,2025-06-22,low
T25,J085,cosmetic,closed,2025-06-19,2025-07-17,low
T25,J085,cosmetic,closed,2025-06-19,2025-05-12,low
T25,J085,cosmetic,closed,2025-06-19,2025-06-22,low
T11,J086,routine,closed,2025-08-12,2025-08-15,medium
T11,J086,routine,closed,2025-08-12,2025-06-05,medium
T11,J086,routine,closed,2025-08-12,2025-05-15,medium
T11,J086,routine,closed,2025-06-02,2025-08-15,medium
T11,J086,routine,closed,2025-06-02,2025-06-05,medium
T11,J086,routine,closed,2025-06-02,2025-05-15,medium
T11,J086,routine,closed,2025-05-12,2025-08-15,medium
T11,J086,routine,closed,2025-05-12,2025-06-05,medium
T11,J086,routine,closed,2025-05-12,2025-05-15,medium
T01,J087,safety,closed,2025-06-13,2025-06-14,high
T01,J087,safety,closed,2025-06-13,2025-07-11,high
T01,J087,safety,closed,2025-06-13,2025-08-09,high
T01,J087,safety,closed,2025-07-10,2025-06-14,high
T01,J087,safety,closed,2025-07-10,2025-07-11,high
T01,J087,safety,closed,2025-07-10,2025-08-09,high
T01,J087,safety,closed,2025-08-08,2025-06-14,high
T01,J087,safety,closed,2025-08-08,2025-07-11,high
T01,J087,safety,closed,2025-08-08,2025-08-09,high
T12,J088,routine,open,2025-07-11,,medium
T12,J088,routine,open,2025-07-11,,medium
T12,J088,routine,open,2025-07-11,,medium
T12,J088,routine,open,2025-07-25,,medium
T12,J088,routine,open,2025-07-25,,medium
T12,J088,routine,open,2025-07-25,,medium
T12,J088,routine,open,2025-08-21,,medium
T12,J088,routine,open,2025-08-21,,medium
T12,J088,routine,open,2025-08-21,,medium
T02,J089,cosmetic,closed,2025-06-06,2025-06-10,low
T02,J089,cosmetic,closed,2025-06-06,2025-06-24,low
T02,J089,cosmetic,closed,2025-06-06,2025-07-26,low
T02,J089,cosmetic,closed,2025-06-20,2025-06-10,low
T02,J089,cosmetic,closed,2025-06-20,2025-06-24,low
T02,J089,cosmetic,closed,2025-06-20,2025-07-26,low
T02,J089,cosmetic,closed,2025-07-22,2025-06-10,low
T02,J089,cosmetic,closed,2025-07-22,2025-06-24,low
T02,J089,cosmetic,closed,2025-07-22,2025-07-26,low
T13,J090,routine,closed,2025-07-16,2025-07-19,medium
T13,J090,routine,closed,2025-07-16,2025-05-29,medium
T13,J090,routine,closed,2025-07-16,2025-06-24,medium
T13,J090,routine,closed,2025-05-26,2025-07-19,medium
T13,J090,routine,closed,2025-05-26,2025-05-29,medium
T13,J090,routine,closed,2025-05-26,2025-06-24,medium
T13,J090,routine,closed,2025-06-21,2025-07-19,medium
T13,J090,routine,closed,2025-06-21,2025-05-29,medium
T13,J090,routine,closed,2025-06-21,2025-06-24,medium
T03,J091,safety,open,2025-08-08,,high
T03,J091,safety,open,2025-08-08,,high
T03,J091,safety,open,2025-08-08,,high
T03,J091,safety,open,2025-06-01,,high
T03,J091,safety,open,2025-06-01,,high
T03,J091,safety,open,2025-06-01,,high
T03,J091,safety,open,2025-06-16,,high
T03,J091,safety,open,2025-06-16,,high
T03,J091,safety,open,2025-06-16,,high
T14,J092,cosmetic,closed,2025-05-06,2025-05-09,low
T14,J092,cosmetic,closed,2025-05-06,2025-08-01,low
T14,J092,cosmetic,closed,2025-05-06,2025-07-11,low
T14,J092,cosmetic,closed,2025-07-29,2025-05-09,low
T14,J092,cosmetic,closed,2025-07-29,2025-08-01,low
T14,J092,cosmetic,closed,2025-07-29,2025-07-11,low
T14,J092,cosmetic,closed,2025-07-08,2025-05-09,low
T14,J092,cosmetic,closed,2025-07-08,2025-08-01,low
T14,J092,cosmetic,closed,2025-07-08,2025-07-11,low
T15,J093,routine,closed,2025-08-04,2025-08-07,medium
T15,J093,routine,closed,2025-08-04,2025-06-11,medium
T15,J093,routine,closed,2025-08-04,2025-05-07,medium
T15,J093,routine,closed,2025-06-08,2025-08-07,medium
T15,J093,routine,closed,2025-06-08,2025-06-11,medium
T15,J093,routine,closed,2025-06-08,2025-05-07,medium
T15,J093,routine,closed,2025-05-04,2025-08-07,medium
T15,J093,routine,closed,2025-05-04,2025-06-11,medium
T15,J093,routine,closed,2025-05-04,2025-05-07,medium
T04,J094,safety,closed,2025-06-02,2025-06-03,high
T04,J094,safety,closed,2025-06-02,2025-07-08,high
T04,J094,safety,closed,2025-06-02,2025-08-18,high
T04,J094,safety,closed,2025-07-07,2025-06-03,high
T04,J094,safety,closed,2025-07-07,2025-07-08,high
T04,J094,safety,closed,2025-07-07,2025-08-18,high
T04,J094,safety,closed,2025-08-17,2025-06-03,high
T04,J094,safety,closed,2025-08-17,2025-07-08,high
T04,J094,safety,closed,2025-08-17,2025-08-18,high
T16,J095,cosmetic,open,2025-07-12,,low
T16,J095,cosmetic,open,2025-07-12,,low
T16,J095,cosmetic,open,2025-07-12,,low
T16,J095,cosmetic,open,2025-07-31,,low
T16,J095,cosmetic,open,2025-07-31,,low
T16,J095,cosmetic,open,2025-07-31,,low
T16,J095,cosmetic,open,2025-09-04,,low
T16,J095,cosmetic,open,2025-09-04,,low
T16,J095,cosmetic,open,2025-09-04,,low
T17,J096,routine,open,2025-07-27,,medium
T17,J096,routine,open,2025-07-27,,medium
T17,J096,routine,open,2025-07-27,,medium
T17,J096,routine,open,2025-06-09,,medium
T17,J096,routine,open,2025-06-09,,medium
T17,J096,routine,open,2025-06-09,,medium
T17,J096,routine,open,2025-06-20,,medium
T17,J096,routine,open,2025-06-20,,medium
T17,J096,routine,open,2025-06-20,,medium
T05,J097,safety,closed,2025-07-23,2025-07-24,high
T05,J097,safety,closed,2025-07-23,2025-05-19,high
T05,J097,safety,closed,2025-07-23,2025-06-21,high
T05,J097,safety,closed,2025-05-18,2025-07-24,high
T05,J097,safety,closed,2025-05-18,2025-05-19,high
T05,J097,safety,closed,2025-05-18,2025-06-21,high
T05,J097,safety,closed,2025-06-20,2025-07-24,high
T05,J097,safety,closed,2025-06-20,2025-05-19,high
T05,J097,safety,closed,2025-06-20,2025-06-21,high
T18,J098,cosmetic,closed,2025-05-29,2025-06-02,low
T18,J098,cosmetic,closed,2025-05-29,2025-08-04,low
T18,J098,cosmetic,closed,2025-05-29,2025-07-17,low
T18,J098,cosmetic,closed,2025-07-31,2025-06-02,low
T18,J098,cosmetic,closed,2025-07-31,2025-08-04,low
T18,J098,cosmetic,closed,2025-07-31,2025-07-17,low
T18,J098,cosmetic,closed,2025-07-13,2025-06-02,low
T18,J098,cosmetic,closed,2025-07-13,2025-08-04,low
T18,J098,cosmetic,closed,2025-07-13,2025-07-17,low
T19,J099,routine,closed,2025-08-12,2025-08-15,medium
T19,J099,routine,closed,2025-08-12,2025-06-08,medium
T19,J099,routine,closed,2025-08-12,2025-05-22,medium
T19,J099,routine,closed,2025-06-05,2025-08-15,medium
T19,J099,routine,closed,2025-06-05,2025-06-08,medium
T19,J099,routine,closed,2025-06-05,2025-05-22,medium
T19,J099,routine,closed,2025-05-19,2025-08-15,medium
T19,J099,routine,closed,2025-05-19,2025-06-08,medium
T19,J099,routine,closed,2025-05-19,2025-05-22,medium
T06,J100,safety,closed,2025-05-17,2025-05-18,high
T06,J100,safety,closed,2025-05-17,2025-07-24,high
T06,J100,safety,closed,2025-05-17,2025-07-04,high
T06,J100,safety,closed,2025-07-23,2025-05-18,high
T06,J100,safety,closed,2025-07-23,2025-07-24,high
T06,J100,safety,closed,2025-07-23,2025-07-04,high
T06,J100,safety,closed,2025-07-03,2025-05-18,high
T06,J100,safety,closed,2025-07-03,2025-07-24,high
T06,J100,safety,closed,2025-07-03,2025-07-04,high
T20,J101,routine,open,2025-06-22,,medium
T20,J101,routine,open,2025-06-22,,medium
T20,J101,routine,open,2025-06-22,,medium
T20,J101,routine,open,2025-07-28,,medium
T20,J101,routine,open,2025-07-28,,medium
T20,J101,routine,open,2025-07-28,,medium
T20,J101,routine,open,2025-08-30,,medium
T20,J101,routine,open,2025-08-30,,medium
T20,J101,routine,open,2025-08-30,,medium
T21,J102,cosmetic,closed,2025-07-23,2025-07-26,low
T21,J102,cosmetic,closed,2025-07-23,2025-05-25,low
T21,J102,cosmetic,closed,2025-07-23,2025-06-28,low
T21,J102,cosmetic,closed,2025-05-22,2025-07-26,low
T21,J102,cosmetic,closed,2025-05-22,2025-05-25,low
T21,J102,cosmetic,closed,2025-05-22,2025-06-28,low
T21,J102,cosmetic,closed,2025-06-25,2025-07-26,low
T21,J102,cosmetic,closed,2025-06-25,2025-05-25,low
T21,J102,cosmetic,closed,2025-06-25,2025-06-28,low
T07,J103,routine,closed,2025-08-06,2025-08-09,medium
T07,J103,routine,closed,2025-08-06,2025-06-09,medium
T07,J103,routine,closed,2025-08-06,2025-05-19,medium
T07,J103,routine,closed,2025-06-06,2025-08-09,medium
T07,J103,routine,closed,2025-06-06,2025-06-09,medium
T07,J103,routine,closed,2025-06-06,2025-05-19,medium
T07,J103,routine,closed,2025-05-16,2025-08-09,medium
T07,J103,routine,closed,2025-05-16,2025-06-09,medium
T07,J103,routine,closed,2025-05-16,2025-05-19,medium
T22,J104,safety,open,2025-05-26,,high
T22,J104,safety,open,2025-05-26,,high
T22,J104,safety,open,2025-05-26,,high
T22,J104,safety,open,2025-08-03,,high
T22,J104,safety,open,2025-08-03,,high
T22,J104,safety,open,2025-08-03,,high
T22,J104,safety,open,2025-07-16,,high
T22,J104,safety,open,2025-07-16,,high
T22,J104,safety,open,2025-07-16,,high
T08,J105,cosmetic,closed,2025-07-01,2025-07-05,low
T08,J105,cosmetic,closed,2025-07-01,2025-07-19,low
T08,J105,cosmetic,closed,2025-07-01,2025-08-17,low
T08,J105,cosmetic,closed,2025-07-15,2025-07-05,low
T08,J105,cosmetic,closed,2025-07-15,2025-07-19,low
T08,J105,cosmetic,closed,2025-07-15,2025-08-17,low
T08,J105,cosmetic,closed,2025-08-13,2025-07-05,low
T08,J105,cosmetic,closed,2025-08-13,2025-07-19,low
T08,J105,cosmetic,closed,2025-08-13,2025-08-17,low
T23,J106,routine,closed,2025-08-10,2025-08-13,medium
T23,J106,routine,closed,2025-08-10,2025-06-23,medium
T23,J106,routine,closed,2025-08-10,2025-05-13,medium
T23,J106,routine,closed,2025-06-20,2025-08-13,medium
T23,J106,routine,closed,2025-06-20,2025-06-23,medium
T23,J106,routine,closed,2025-06-20,2025-05-13,medium
T23,J106,routine,closed,2025-05-10,2025-08-13,medium
T23,J106,routine,closed,2025-05-10,2025-06-23,medium
T23,J106,routine,closed,2025-05-10,2025-05-13,medium
T09,J107,safety,closed,2025-07-17,2025-07-18,high
T09,J107,safety,closed,2025-07-17,2025-05-05,high
T09,J107,safety,closed,2025-07-17,2025-06-10,high
T09,J107,safety,closed,2025-05-04,2025-07-18,high
T09,J107,safety,closed,2025-05-04,2025-05-05,high
T09,J107,safety,closed,2025-05-04,2025-06-10,high
T09,J107,safety,closed,2025-06-09,2025-07-18,high
T09,J107,safety,closed,2025-06-09,2025-05-05,high
T09,J107,safety,closed,2025-06-09,2025-06-10,high
T24,J108,cosmetic,open,2025-07-08,,low
T24,J108,cosmetic,open,2025-07-08,,low
T24,J108,cosmetic,open,2025-07-08,,low
T24,J108,cosmetic,open,2025-07-28,,low
T24,J108,cosmetic,open,2025-07-28,,low
T24,J108,cosmetic,open,2025-07-28,,low
T24,J108,cosmetic,open,2025-08-30,,low
T24,J108,cosmetic,open,2025-08-30,,low
T24,J108,cosmetic,open,2025-08-30,,low
T10,J109,routine,open,2025-06-11,,medium
T10,J109,routine,open,2025-06-11,,medium
T10,J109,routine,open,2025-06-11,,medium
T10,J109,routine,open,2025-08-05,,medium
T10,J109,routine,open,2025-08-05,,medium
T10,J109,routine,open,2025-08-05,,medium
T10,J109,routine,open,2025-07-14,,medium
T10,J109,routine,open,2025-07-14,,medium
T10,J109,routine,open,2025-07-14,,medium
T25,J110,safety,closed,2025-07-08,2025-07-09,high
T25,J110,safety,closed,2025-07-08,2025-05-04,high
T25,J110,safety,closed,2025-07-08,2025-06-14,high
T25,J110,safety,closed,2025-05-03,2025-07-09,high
T25,J110,safety,closed,2025-05-03,2025-05-04,high
T25,J110,safety,closed,2025-05-03,2025-06-14,high
T25,J110,safety,closed,2025-06-13,2025-07-09,high
T25,J110,safety,closed,2025-06-13,2025-05-04,high
T25,J110,safety,closed,2025-06-13,2025-06-14,high
T11,J111,cosmetic,closed,2025-08-22,2025-08-26,low
T11,J111,cosmetic,closed,2025-08-22,2025-06-16,low
T11,J111,cosmetic,closed,2025-08-22,2025-05-26,low
T11,J111,cosmetic,closed,2025-06-12,2025-08-26,low
T11,J111,cosmetic,closed,2025-06-12,2025-06-16,low
T11,J111,cosmetic,closed,2025-06-12,2025-05-26,low
T11,J111,cosmetic,closed,2025-05-22,2025-08-26,low
T11,J111,cosmetic,closed,2025-05-22,2025-06-16,low
T11,J111,cosmetic,closed,2025-05-22,2025-05-26,low
T01,J112,routine,closed,2025-06-13,2025-06-16,medium
T01,J112,routine,closed,2025-06-13,2025-07-13,medium
T01,J112,routine,closed,2025-06-13,2025-08-11,medium
T01,J112,routine,closed,2025-07-10,2025-06-16,medium
T01,J112,routine,closed,2025-07-10,2025-07-13,medium
T01,J112,routine,closed,2025-07-10,2025-08-11,medium
T01,J112,routine,closed,2025-08-08,2025-06-16,medium
T01,J112,routine,closed,2025-08-08,2025-07-13,medium
T01,J112,routine,closed,2025-08-08,2025-08-11,medium
T12,J113,safety,closed,2025-06-18,2025-06-19,high
T12,J113,safety,closed,2025-06-18,2025-07-03,high
T12,J113,safety,closed,2025-06-18,2025-07-30,high
T12,J113,safety,closed,2025-07-02,2025-06-19,high
T12,J113,safety,closed,2025-07-02,2025-07-03,high
T12,J113,safety,closed,2025-07-02,2025-07-30,high
T12,J113,safety,closed,2025-07-29,2025-06-19,high
T12,J113,safety,closed,2025-07-29,2025-07-03,high
T12,J113,safety,closed,2025-07-29,2025-07-30,high
T02,J114,routine,open,2025-06-11,,medium
T02,J114,routine,open,2025-06-11,,medium
T02,J114,routine,open,2025-06-11,,medium
T02,J114,routine,open,2025-06-25,,medium
T02,J114,routine,open,2025-06-25,,medium
T02,J114,routine,open,2025-06-25,,medium
T02,J114,routine,open,2025-07-27,,medium
T02,J114,routine,open,2025-07-27,,medium
T02,J114,routine,open,2025-07-27,,medium
T13,J115,cosmetic,closed,2025-07-18,2025-07-21,low
T13,J115,cosmetic,closed,2025-07-18,2025-05-31,low
T13,J115,cosmetic,closed,2025-07-18,2025-06-26,low
T13,J115,cosmetic,closed,2025-05-28,2025-07-21,low
T13,J115,cosmetic,closed,2025-05-28,2025-05-31,low
T13,J115,cosmetic,closed,2025-05-28,2025-06-26,low
T13,J115,cosmetic,closed,2025-06-23,2025-07-21,low
T13,J115,cosmetic,closed,2025-06-23,2025-05-31,low
T13,J115,cosmetic,closed,2025-06-23,2025-06-26,low
T03,J116,routine,closed,2025-07-29,2025-08-01,medium
T03,J116,routine,closed,2025-07-29,2025-05-25,medium
T03,J116,routine,closed,2025-07-29,2025-06-09,medium
T03,J116,routine,closed,2025-05-22,2025-08-01,medium
T03,J116,routine,closed,2025-05-22,2025-05-25,medium
T03,J116,routine,closed,2025-05-22,2025-06-09,medium
T03,J116,routine,closed,2025-06-06,2025-08-01,medium
T03,J116,routine,closed,2025-06-06,2025-05-25,medium
T03,J116,routine,closed,2025-06-06,2025-06-09,medium
T14,J117,safety,open,2025-05-21,,high
T14,J117,safety,open,2025-05-21,,high
T14,J117,safety,open,2025-05-21,,high
T14,J117,safety,open,2025-08-13,,high
T14,J117,safety,open,2025-08-13,,high
T14,J117,safety,open,2025-08-13,,high
T14,J117,safety,open,2025-07-23,,high
T14,J117,safety,open,2025-07-23,,high
T14,J117,safety,open,2025-07-23,,high
T15,J118,cosmetic,closed,2025-08-20,2025-08-24,low
T15,J118,cosmetic,closed,2025-08-20,2025-06-28,low
T15,J118,cosmetic,closed,2025-08-20,2025-05-24,low
T15,J118,cosmetic,closed,2025-06-24,2025-08-24,low
T15,J118,cosmetic,closed,2025-06-24,2025-06-28,low
T15,J118,cosmetic,closed,2025-06-24,2025-05-24,low
T15,J118,cosmetic,closed,2025-05-20,2025-08-24,low
T15,J118,cosmetic,closed,2025-05-20,2025-06-28,low
T15,J118,cosmetic,closed,2025-05-20,2025-05-24,low
T04,J119,routine,closed,2025-05-31,2025-06-03,medium
T04,J119,routine,closed,2025-05-31,2025-07-08,medium
T04,J119,routine,closed,2025-05-31,2025-08-18,medium
T04,J119,routine,closed,2025-07-05,2025-06-03,medium
T04,J119,routine,closed,2025-07-05,2025-07-08,medium
T04,J119,routine,closed,2025-07-05,2025-08-18,medium
T04,J119,routine,closed,2025-08-15,2025-06-03,medium
T04,J119,routine,closed,2025-08-15,2025-07-08,medium
T04,J119,routine,closed,2025-08-15,2025-08-18,medium
T16,J120,safety,closed,2025-06-19,2025-06-20,high
T16,J120,safety,closed,2025-06-19,2025-07-09,high
T16,J120,safety,closed,2025-06-19,2025-08-13,high
T16,J120,safety,closed,2025-07-08,2025-06-20,high
T16,J120,safety,closed,2025-07-08,2025-07-09,high
T16,J120,safety,closed,2025-07-08,2025-08-13,high
T16,J120,safety,closed,2025-08-12,2025-06-20,high
T16,J120,safety,closed,2025-08-12,2025-07-09,high
T16,J120,safety,closed,2025-08-12,2025-08-13,high
T17,J121,cosmetic,open,2025-07-27,,low
T17,J121,cosmetic,open,2025-07-27,,low
T17,J121,cosmetic,open,2025-07-27,,low
T17,J121,cosmetic,open,2025-06-09,,low
T17,J121,cosmetic,open,2025-06-09,,low
T17,J121,cosmetic,open,2025-06-09,,low
T17,J121,cosmetic,open,2025-06-20,,low
T17,J121,cosmetic,open,2025-06-20,,low
T17,J121,cosmetic,open,2025-06-20,,low
T05,J122,routine,open,2025-08-04,,medium
T05,J122,routine,open,2025-08-04,,medium
T05,J122,routine,open,2025-08-04,,medium
T05,J122,routine,open,2025-05-30,,medium
T05,J122,routine,open,2025-05-30,,medium
T05,J122,routine,open,2025-05-30,,medium
T05,J122,routine,open,2025-07-02,,medium
T05,J122,routine,open,2025-07-02,,medium
T05,J122,routine,open,2025-07-02,,medium
T18,J123,safety,closed,2025-05-24,2025-05-25,high
T18,J123,safety,closed,2025-05-24,2025-07-27,high
T18,J123,safety,closed,2025-05-24,2025-07-09,high
T18,J123,safety,closed,2025-07-26,2025-05-25,high
T18,J123,safety,closed,2025-07-26,2025-07-27,high
T18,J123,safety,closed,2025-07-26,2025-07-09,high
T18,J123,safety,closed,2025-07-08,2025-05-25,high
T18,J123,safety,closed,2025-07-08,2025-07-27,high
T18,J123,safety,closed,2025-07-08,2025-07-09,high
T19,J124,cosmetic,closed,2025-08-24,2025-08-27,low
T19,J124,cosmetic,closed,2025-08-24,2025-06-20,low
T19,J124,cosmetic,closed,2025-08-24,2025-06-03,low
T19,J124,cosmetic,closed,2025-06-17,2025-08-27,low
T19,J124,cosmetic,closed,2025-06-17,2025-06-20,low
T19,J124,cosmetic,closed,2025-06-17,2025-06-03,low
T19,J124,cosmetic,closed,2025-05-31,2025-08-27,low
T19,J124,cosmetic,closed,2025-05-31,2025-06-20,low
T19,J124,cosmetic,closed,2025-05-31,2025-06-03,low
T06,J125,routine,closed,2025-05-24,2025-05-27,medium
T06,J125,routine,closed,2025-05-24,2025-08-02,medium
T06,J125,routine,closed,2025-05-24,2025-07-13,medium
T06,J125,routine,closed,2025-07-30,2025-05-27,medium
T06,J125,routine,closed,2025-07-30,2025-08-02,medium
T06,J125,routine,closed,2025-07-30,2025-07-13,medium
T06,J125,routine,closed,2025-07-10,2025-05-27,medium
T06,J125,routine,closed,2025-07-10,2025-08-02,medium
T06,J125,routine,closed,2025-07-10,2025-07-13,medium
T20,J126,safety,closed,2025-05-30,2025-05-31,high
T20,J126,safety,closed,2025-05-30,2025-07-06,high
T20,J126,safety,closed,2025-05-30,2025-08-08,high
T20,J126,safety,closed,2025-07-05,2025-05-31,high
T20,J126,safety,closed,2025-07-05,2025-07-06,high
T20,J126,safety,closed,2025-07-05,2025-08-08,high
T20,J126,safety,closed,2025-08-07,2025-05-31,high
T20,J126,safety,closed,2025-08-07,2025-07-06,high
T20,J126,safety,closed,2025-08-07,2025-08-08,high
T21,J127,routine,open,2025-08-03,,medium
T21,J127,routine,open,2025-08-03,,medium
T21,J127,routine,open,2025-08-03,,medium
T21,J127,routine,open,2025-06-02,,medium
T21,J127,routine,open,2025-06-02,,medium
T21,J127,routine,open,2025-06-02,,medium
T21,J127,routine,open,2025-07-06,,medium
T21,J127,routine,open,2025-07-06,,medium
T21,J127,routine,open,2025-07-06,,medium
T07,J128,cosmetic,closed,2025-08-16,2025-08-20,low
T07,J128,cosmetic,closed,2025-08-16,2025-06-20,low
T07,J128,cosmetic,closed,2025-08-16,2025-05-30,low
T07,J128,cosmetic,closed,2025-06-16,2025-08-20,low
T07,J128,cosmetic,closed,2025-06-16,2025-06-20,low
T07,J128,cosmetic,closed,2025-06-16,2025-05-30,low
T07,J128,cosmetic,closed,2025-05-26,2025-08-20,low
T07,J128,cosmetic,closed,2025-05-26,2025-06-20,low
T07,J128,cosmetic,closed,2025-05-26,2025-05-30,low
T22,J129,routine,closed,2025-05-09,2025-05-12,medium
T22,J129,routine,closed,2025-05-09,2025-07-20,medium
T22,J129,routine,closed,2025-05-09,2025-07-02,medium
T22,J129,routine,closed,2025-07-17,2025-05-12,medium
T22,J129,routine,closed,2025-07-17,2025-07-20,medium
T22,J129,routine,closed,2025-07-17,2025-07-02,medium
T22,J129,routine,closed,2025-06-29,2025-05-12,medium
T22,J129,routine,closed,2025-06-29,2025-07-20,medium
T22,J129,routine,closed,2025-06-29,2025-07-02,medium
T08,J130,safety,open,2025-07-04,,high
T08,J130,safety,open,2025-07-04,,high
T08,J130,safety,open,2025-07-04,,high
T08,J130,safety,open,2025-07-18,,high
T08,J130,safety,open,2025-07-18,,high
T08,J130,safety,open,2025-07-18,,high
T08,J130,safety,open,2025-08-16,,high
T08,J130,safety,open,2025-08-16,,high
T08,J130,safety,open,2025-08-16,,high
T23,J131,cosmetic,closed,2025-08-12,2025-08-15,low
T23,J131,cosmetic,closed,2025-08-12,2025-06-25,low
T23,J131,cosmetic,closed,2025-08-12,2025-05-15,low
T23,J131,cosmetic,closed,2025-06-22,2025-08-15,low
T23,J131,cosmetic,closed,2025-06-22,2025-06-25,low
T23,J131,cosmetic,closed,2025-06-22,2025-05-15,low
T23,J131,cosmetic,closed,2025-05-12,2025-08-15,low
T23,J131,cosmetic,closed,2025-05-12,2025-06-25,low
T23,J131,cosmetic,closed,2025-05-12,2025-05-15,low
T09,J132,routine,closed,2025-07-21,2025-07-24,medium
T09,J132,routine,closed,2025-07-21,2025-05-11,medium
T09,J132,routine,closed,2025-07-21,2025-06-16,medium
T09,J132,routine,closed,2025-05-08,2025-07-24,medium
T09,J132,routine,closed,2025-05-08,2025-05-11,medium
T09,J132,routine,closed,2025-05-08,2025-06-16,medium
T09,J132,routine,closed,2025-06-13,2025-07-24,medium
T09,J132,routine,closed,2025-06-13,2025-05-11,medium
T09,J132,routine,closed,2025-06-13,2025-06-16,medium
T24,J133,safety,closed,2025-06-21,2025-06-22,high
T24,J133,safety,closed,2025-06-21,2025-07-12,high
T24,J133,safety,closed,2025-06-21,2025-08-14,high
T24,J133,safety,closed,2025-07-11,2025-06-22,high
T24,J133,safety,closed,2025-07-11,2025-07-12,high
T24,J133,safety,closed,2025-07-11,2025-08-14,high
T24,J133,safety,closed,2025-08-13,2025-06-22,high
T24,J133,safety,closed,2025-08-13,2025-07-12,high
T24,J133,safety,closed,2025-08-13,2025-08-14,high
T10,J134,cosmetic,open,2025-06-16,,low
T10,J134,cosmetic,open,2025-06-16,,low
T10,J134,cosmetic,open,2025-06-16,,low
T10,J134,cosmetic,open,2025-08-10,,low
T10,J134,cosmetic,open,2025-08-10,,low
T10,J134,cosmetic,open,2025-08-10,,low
T10,J134,cosmetic,open,2025-07-19,,low
T10,J134,cosmetic,open,2025-07-19,,low
T10,J134,cosmetic,open,2025-07-19,,low
T25,J135,routine,open,2025-07-19,,medium
T25,J135,routine,open,2025-07-19,,medium
T25,J135,routine,open,2025-07-19,,medium
T25,J135,routine,open,2025-05-14,,medium
T25,J135,routine,open,2025-05-14,,medium
T25,J135,routine,open,2025-05-14,,medium
T25,J135,routine,open,2025-06-24,,medium
T25,J135,routine,open,2025-06-24,,medium
T25,J135,routine,open,2025-06-24,,medium
T11,J136,safety,closed,2025-08-17,2025-08-18,high
T11,J136,safety,closed,2025-08-17,2025-06-08,high
T11,J136,safety,closed,2025-08-17,2025-05-18,high
T11,J136,safety,closed,2025-06-07,2025-08-18,high
T11,J136,safety,closed,2025-06-07,2025-06-08,high
T11,J136,safety,closed,2025-06-07,2025-05-18,high
T11,J136,safety,closed,2025-05-17,2025-08-18,high
T11,J136,safety,closed,2025-05-17,2025-06-08,high
T11,J136,safety,closed,2025-05-17,2025-05-18,high
T01,J137,cosmetic,closed,2025-06-28,2025-07-02,low
T01,J137,cosmetic,closed,2025-06-28,2025-07-29,low
T01,J137,cosmetic,closed,2025-06-28,2025-08-27,low
T01,J137,cosmetic,closed,2025-07-25,2025-07-02,low
T01,J137,cosmetic,closed,2025-07-25,2025-07-29,low
T01,J137,cosmetic,closed,2025-07-25,2025-08-27,low
T01,J137,cosmetic,closed,2025-08-23,2025-07-02,low
T01,J137,cosmetic,closed,2025-08-23,2025-07-29,low
T01,J137,cosmetic,closed,2025-08-23,2025-08-27,low
T12,J138,routine,closed,2025-06-18,2025-06-21,medium
T12,J138,routine,closed,2025-06-18,2025-07-05,medium
T12,J138,routine,closed,2025-06-18,2025-08-01,medium
T12,J138,routine,closed,2025-07-02,2025-06-21,medium
T12,J138,routine,closed,2025-07-02,2025-07-05,medium
T12,J138,routine,closed,2025-07-02,2025-08-01,medium
T12,J138,routine,closed,2025-07-29,2025-06-21,medium
T12,J138,routine,closed,2025-07-29,2025-07-05,medium
T12,J138,routine,closed,2025-07-29,2025-08-01,medium
T02,J139,safety,closed,2025-05-18,2025-05-19,high
T02,J139,safety,closed,2025-05-18,2025-06-02,high
T02,J139,safety,closed,2025-05-18,2025-07-04,high
T02,J139,safety,closed,2025-06-01,2025-05-19,high
T02,J139,safety,closed,2025-06-01,2025-06-02,high
T02,J139,safety,closed,2025-06-01,2025-07-04,high
T02,J139,safety,closed,2025-07-03,2025-05-19,high
T02,J139,safety,closed,2025-07-03,2025-06-02,high
T02,J139,safety,closed,2025-07-03,2025-07-04,high
T13,J140,routine,open,2025-07-27,,medium
T13,J140,routine,open,2025-07-27,,medium
T13,J140,routine,open,2025-07-27,,medium
T13,J140,routine,open,2025-06-06,,medium
T13,J140,routine,open,2025-06-06,,medium
T13,J140,routine,open,2025-06-06,,medium
T13,J140,routine,open,2025-07-02,,medium
T13,J140,routine,open,2025-07-02,,medium
T13,J140,routine,open,2025-07-02,,medium
T03,J141,cosmetic,closed,2025-08-02,2025-08-05,low
T03,J141,cosmetic,closed,2025-08-02,2025-05-29,low
T03,J141,cosmetic,closed,2025-08-02,2025-06-13,low
T03,J141,cosmetic,closed,2025-05-26,2025-08-05,low
T03,J141,cosmetic,closed,2025-05-26,2025-05-29,low
T03,J141,cosmetic,closed,2025-05-26,2025-06-13,low
T03,J141,cosmetic,closed,2025-06-10,2025-08-05,low
T03,J141,cosmetic,closed,2025-06-10,2025-05-29,low
T03,J141,cosmetic,closed,2025-06-10,2025-06-13,low
T14,J142,routine,closed,2025-05-02,2025-05-05,medium
T14,J142,routine,closed,2025-05-02,2025-07-28,medium
T14,J142,routine,closed,2025-05-02,2025-07-07,medium
T14,J142,routine,closed,2025-07-25,2025-05-05,medium
T14,J142,routine,closed,2025-07-25,2025-07-28,medium
T14,J142,routine,closed,2025-07-25,2025-07-07,medium
T14,J142,routine,closed,2025-07-04,2025-05-05,medium
T14,J142,routine,closed,2025-07-04,2025-07-28,medium
T14,J142,routine,closed,2025-07-04,2025-07-07,medium
T15,J143,safety,open,2025-08-28,,high
T15,J143,safety,open,2025-08-28,,high
T15,J143,safety,open,2025-08-28,,high
T15,J143,safety,open,2025-07-02,,high
T15,J143,safety,open,2025-07-02,,high
T15,J143,safety,open,2025-07-02,,high
T15,J143,safety,open,2025-05-28,,high
T15,J143,safety,open,2025-05-28,,high
T15,J143,safety,open,2025-05-28,,high
T04,J144,cosmetic,closed,2025-06-10,2025-06-14,low
T04,J144,cosmetic,closed,2025-06-10,2025-07-19,low
T04,J144,cosmetic,closed,2025-06-10,2025-08-29,low
T04,J144,cosmetic,closed,2025-07-15,2025-06-14,low
T04,J144,cosmetic,closed,2025-07-15,2025-07-19,low
T04,J144,cosmetic,closed,2025-07-15,2025-08-29,low
T04,J144,cosmetic,closed,2025-08-25,2025-06-14,low
T04,J144,cosmetic,closed,2025-08-25,2025-07-19,low
T04,J144,cosmetic,closed,2025-08-25,2025-08-29,low
T16,J145,routine,closed,2025-06-29,2025-07-02,medium
T16,J145,routine,closed,2025-06-29,2025-07-21,medium
T16,J145,routine,closed,2025-06-29,2025-08-25,medium
T16,J145,routine,closed,2025-07-18,2025-07-02,medium
T16,J145,routine,closed,2025-07-18,2025-07-21,medium
T16,J145,routine,closed,2025-07-18,2025-08-25,medium
T16,J145,routine,closed,2025-08-22,2025-07-02,medium
T16,J145,routine,closed,2025-08-22,2025-07-21,medium
T16,J145,routine,closed,2025-08-22,2025-08-25,medium
T17,J146,safety,closed,2025-07-10,2025-07-11,high
T17,J146,safety,closed,2025-07-10,2025-05-24,high
T17,J146,safety,closed,2025-07-10,2025-06-04,high
T17,J146,safety,closed,2025-05-23,2025-07-11,high
T17,J146,safety,closed,2025-05-23,2025-05-24,high
T17,J146,safety,closed,2025-05-23,2025-06-04,high
T17,J146,safety,closed,2025-06-03,2025-07-11,high
T17,J146,safety,closed,2025-06-03,2025-05-24,high
T17,J146,safety,closed,2025-06-03,2025-06-04,high
T05,J147,cosmetic,open,2025-07-31,,low
T05,J147,cosmetic,open,2025-07-31,,low
T05,J147,cosmetic,open,2025-07-31,,low
T05,J147,cosmetic,open,2025-05-26,,low
T05,J147,cosmetic,open,2025-05-26,,low
T05,J147,cosmetic,open,2025-05-26,,low
T05,J147,cosmetic,open,2025-06-28,,low
T05,J147,cosmetic,open,2025-06-28,,low
T05,J147,cosmetic,open,2025-06-28,,low
T18,J148,routine,open,2025-06-05,,medium
T18,J148,routine,open,2025-06-05,,medium
T18,J148,routine,open,2025-06-05,,medium
T18,J148,routine,open,2025-08-07,,medium
T18,J148,routine,open,2025-08-07,,medium
T18,J148,routine,open,2025-08-07,,medium
T18,J148,routine,open,2025-07-20,,medium
T18,J148,routine,open,2025-07-20,,medium
T18,J148,routine,open,2025-07-20,,medium
T19,J149,safety,closed,2025-08-17,2025-08-18,high
T19,J149,safety,closed,2025-08-17,2025-06-11,high
T19,J149,safety,closed,2025-08-17,2025-05-25,high
T19,J149,safety,closed,2025-06-10,2025-08-18,high
T19,J149,safety,closed,2025-06-10,2025-06-11,high
T19,J149,safety,closed,2025-06-10,2025-05-25,high
T19,J149,safety,closed,2025-05-24,2025-08-18,high
T19,J149,safety,closed,2025-05-24,2025-06-11,high
T19,J149,safety,closed,2025-05-24,2025-05-25,high
T06,J150,cosmetic,closed,2025-06-03,2025-06-07,low
T06,J150,cosmetic,closed,2025-06-03,2025-08-13,low
T06,J150,cosmetic,closed,2025-06-03,2025-07-24,low
T06,J150,cosmetic,closed,2025-08-09,2025-06-07,low
T06,J150,cosmetic,closed,2025-08-09,2025-08-13,low
T06,J150,cosmetic,closed,2025-08-09,2025-07-24,low
T06,J150,cosmetic,closed,2025-07-20,2025-06-07,low
T06,J150,cosmetic,closed,2025-07-20,2025-08-13,low
T06,J150,cosmetic,closed,2025-07-20,2025-07-24,low
T20,J151,routine,closed,2025-05-28,2025-05-31,medium
T20,J151,routine,closed,2025-05-28,2025-07-06,medium
T20,J151,routine,closed,2025-05-28,2025-08-08,medium
T20,J151,routine,closed,2025-07-03,2025-05-31,medium
T20,J151,routine,closed,2025-07-03,2025-07-06,medium
T20,J151,routine,closed,2025-07-03,2025-08-08,medium
T20,J151,routine,closed,2025-08-05,2025-05-31,medium
T20,J151,routine,closed,2025-08-05,2025-07-06,medium
T20,J151,routine,closed,2025-08-05,2025-08-08,medium
T21,J152,safety,closed,2025-07-22,2025-07-23,high
T21,J152,safety,closed,2025-07-22,2025-05-22,high
T21,J152,safety,closed,2025-07-22,2025-06-25,high
T21,J152,safety,closed,2025-05-21,2025-07-23,high
T21,J152,safety,closed,2025-05-21,2025-05-22,high
T21,J152,safety,closed,2025-05-21,2025-06-25,high
T21,J152,safety,closed,2025-06-24,2025-07-23,high
T21,J152,safety,closed,2025-06-24,2025-05-22,high
T21,J152,safety,closed,2025-06-24,2025-06-25,high
T07,J153,routine,open,2025-08-20,,medium
T07,J153,routine,open,2025-08-20,,medium
T07,J153,routine,open,2025-08-20,,medium
T07,J153,routine,open,2025-06-20,,medium
T07,J153,routine,open,2025-06-20,,medium
T07,J153,routine,open,2025-06-20,,medium
T07,J153,routine,open,2025-05-30,,medium
T07,J153,routine,open,2025-05-30,,medium
T07,J153,routine,open,2025-05-30,,medium
T22,J154,cosmetic,closed,2025-05-19,2025-05-22,low
T22,J154,cosmetic,closed,2025-05-19,2025-07-30,low
T22,J154,cosmetic,closed,2025-05-19,2025-07-12,low
T22,J154,cosmetic,closed,2025-07-27,2025-05-22,low
T22,J154,cosmetic,closed,2025-07-27,2025-07-30,low
T22,J154,cosmetic,closed,2025-07-27,2025-07-12,low
T22,J154,cosmetic,closed,2025-07-09,2025-05-22,low
T22,J154,cosmetic,closed,2025-07-09,2025-07-30,low
T22,J154,cosmetic,closed,2025-07-09,2025-07-12,low
T08,J155,routine,closed,2025-06-19,2025-06-22,medium
T08,J155,routine,closed,2025-06-19,2025-07-06,medium
T08,J155,routine,closed,2025-06-19,2025-08-04,medium
T08,J155,routine,closed,2025-07-03,2025-06-22,medium
T08,J155,routine,closed,2025-07-03,2025-07-06,medium
T08,J155,routine,closed,2025-07-03,2025-08-04,medium
T08,J155,routine,closed,2025-08-01,2025-06-22,medium
T08,J155,routine,closed,2025-08-01,2025-07-06,medium
T08,J155,routine,closed,2025-08-01,2025-08-04,medium
T23,J156,safety,open,2025-08-24,,high
T23,J156,safety,open,2025-08-24,,high
T23,J156,safety,open,2025-08-24,,high
T23,J156,safety,open,2025-07-04,,high
T23,J156,safety,open,2025-07-04,,high
T23,J156,safety,open,2025-07-04,,high
T23,J156,safety,open,2025-05-24,,high
T23,J156,safety,open,2025-05-24,,high
T23,J156,safety,open,2025-05-24,,high
T09,J157,cosmetic,closed,2025-07-25,2025-07-28,low
T09,J157,cosmetic,closed,2025-07-25,2025-05-15,low
T09,J157,cosmetic,closed,2025-07-25,2025-06-20,low
T09,J157,cosmetic,closed,2025-05-12,2025-07-28,low
T09,J157,cosmetic,closed,2025-05-12,2025-05-15,low
T09,J157,cosmetic,closed,2025-05-12,2025-06-20,low
T09,J157,cosmetic,closed,2025-06-17,2025-07-28,low
T09,J157,cosmetic,closed,2025-06-17,2025-05-15,low
T09,J157,cosmetic,closed,2025-06-17,2025-06-20,low
T24,J158,routine,closed,2025-06-17,2025-06-20,medium
T24,J158,routine,closed,2025-06-17,2025-07-10,medium
T24,J158,routine,closed,2025-06-17,2025-08-12,medium
T24,J158,routine,closed,2025-07-07,2025-06-20,medium
T24,J158,routine,closed,2025-07-07,2025-07-10,medium
T24,J158,routine,closed,2025-07-07,2025-08-12,medium
T24,J158,routine,closed,2025-08-09,2025-06-20,medium
T24,J158,routine,closed,2025-08-09,2025-07-10,medium
T24,J158,routine,closed,2025-08-09,2025-08-12,medium
T10,J159,safety,closed,2025-05-27,2025-05-28,high
T10,J159,safety,closed,2025-05-27,2025-07-22,high
T10,J159,safety,closed,2025-05-27,2025-06-30,high
T10,J159,safety,closed,2025-07-21,2025-05-28,high
T10,J159,safety,closed,2025-07-21,2025-07-22,high
T10,J159,safety,closed,2025-07-21,2025-06-30,high
T10,J159,safety,closed,2025-06-29,2025-05-28,high
T10,J159,safety,closed,2025-06-29,2025-07-22,high
T10,J159,safety,closed,2025-06-29,2025-06-30,high
T25,J160,cosmetic,open,2025-07-19,,low
T25,J160,cosmetic,open,2025-07-19,,low
T25,J160,cosmetic,open,2025-07-19,,low
T25,J160,cosmetic,open,2025-05-14,,low
T25,J160,cosmetic,open,2025-05-14,,low
T25,J160,cosmetic,open,2025-05-14,,low
T25,J160,cosmetic,open,2025-06-24,,low
T25,J160,cosmetic,open,2025-06-24,,low
T25,J160,cosmetic,open,2025-06-24,,low
T11,J161,routine,open,2025-09-01,,medium
T11,J161,routine,open,2025-09-01,,medium
T11,J161,routine,open,2025-09-01,,medium
T11,J161,routine,open,2025-06-22,,medium
T11,J161,routine,open,2025-06-22,,medium
T11,J161,routine,open,2025-06-22,,medium
T11,J161,routine,open,2025-06-01,,medium
T11,J161,routine,open,2025-06-01,,medium
T11,J161,routine,open,2025-06-01,,medium
T01,J162,safety,closed,2025-06-18,2025-06-19,high
T01,J162,safety,closed,2025-06-18,2025-07-16,high
T01,J162,safety,closed,2025-06-18,2025-08-14,high
T01,J162,safety,closed,2025-07-15,2025-06-19,high
T01,J162,safety,closed,2025-07-15,2025-07-16,high
T01,J162,safety,closed,2025-07-15,2025-08-14,high
T01,J162,safety,closed,2025-08-13,2025-06-19,high
T01,J162,safety,closed,2025-08-13,2025-07-16,high
T01,J162,safety,closed,2025-08-13,2025-08-14,high
T12,J163,cosmetic,closed,2025-07-03,2025-07-07,low
T12,J163,cosmetic,closed,2025-07-03,2025-07-21,low
T12,J163,cosmetic,closed,2025-07-03,2025-08-17,low
T12,J163,cosmetic,closed,2025-07-17,2025-07-07,low
T12,J163,cosmetic,closed,2025-07-17,2025-07-21,low
T12,J163,cosmetic,closed,2025-07-17,2025-08-17,low
T12,J163,cosmetic,closed,2025-08-13,2025-07-07,low
T12,J163,cosmetic,closed,2025-08-13,2025-07-21,low
T12,J163,cosmetic,closed,2025-08-13,2025-08-17,low
T02,J164,routine,closed,2025-05-19,2025-05-22,medium
T02,J164,routine,closed,2025-05-19,2025-06-05,medium
T02,J164,routine,closed,2025-05-19,2025-07-07,medium
T02,J164,routine,closed,2025-06-02,2025-05-22,medium
T02,J164,routine,closed,2025-06-02,2025-06-05,medium
T02,J164,routine,closed,2025-06-02,2025-07-07,medium
T02,J164,routine,closed,2025-07-04,2025-05-22,medium
T02,J164,routine,closed,2025-07-04,2025-06-05,medium
T02,J164,routine,closed,2025-07-04,2025-07-07,medium
T13,J165,safety,closed,2025-07-18,2025-07-19,high
T13,J165,safety,closed,2025-07-18,2025-05-29,high
T13,J165,safety,closed,2025-07-18,2025-06-24,high
T13,J165,safety,closed,2025-05-28,2025-07-19,high
T13,J165,safety,closed,2025-05-28,2025-05-29,high
T13,J165,safety,closed,2025-05-28,2025-06-24,high
T13,J165,safety,closed,2025-06-23,2025-07-19,high
T13,J165,safety,closed,2025-06-23,2025-05-29,high
T13,J165,safety,closed,2025-06-23,2025-06-24,high
T03,J166,routine,open,2025-08-11,,medium
T03,J166,routine,open,2025-08-11,,medium
T03,J166,routine,open,2025-08-11,,medium
T03,J166,routine,open,2025-06-04,,medium
T03,J166,routine,open,2025-06-04,,medium
T03,J166,routine,open,2025-06-04,,medium
T03,J166,routine,open,2025-06-19,,medium
T03,J166,routine,open,2025-06-19,,medium
T03,J166,routine,open,2025-06-19,,medium
T14,J167,cosmetic,closed,2025-05-07,2025-05-10,low
T14,J167,cosmetic,closed,2025-05-07,2025-08-02,low
T14,J167,cosmetic,closed,2025-05-07,2025-07-12,low
T14,J167,cosmetic,closed,2025-07-30,2025-05-10,low
T14,J167,cosmetic,closed,2025-07-30,2025-08-02,low
T14,J167,cosmetic,closed,2025-07-30,2025-07-12,low
T14,J167,cosmetic,closed,2025-07-09,2025-05-10,low
T14,J167,cosmetic,closed,2025-07-09,2025-08-02,low
T14,J167,cosmetic,closed,2025-07-09,2025-07-12,low
T15,J168,routine,closed,2025-08-06,2025-08-09,medium
T15,J168,routine,closed,2025-08-06,2025-06-13,medium
T15,J168,routine,closed,2025-08-06,2025-05-09,medium
T15,J168,routine,closed,2025-06-10,2025-08-09,medium
T15,J168,routine,closed,2025-06-10,2025-06-13,medium
T15,J168,routine,closed,2025-06-10,2025-05-09,medium
T15,J168,routine,closed,2025-05-06,2025-08-09,medium
T15,J168,routine,closed,2025-05-06,2025-06-13,medium
T15,J168,routine,closed,2025-05-06,2025-05-09,medium
T04,J169,safety,open,2025-06-18,,high
T04,J169,safety,open,2025-06-18,,high
T04,J169,safety,open,2025-06-18,,high
T04,J169,safety,open,2025-07-23,,high
T04,J169,safety,open,2025-07-23,,high
T04,J169,safety,open,2025-07-23,,high
T04,J169,safety,open,2025-09-02,,high
T04,J169,safety,open,2025-09-02,,high
T04,J169,safety,open,2025-09-02,,high
T16,J170,cosmetic,closed,2025-07-08,2025-07-12,low
T16,J170,cosmetic,closed,2025-07-08,2025-07-31,low
T16,J170,cosmetic,closed,2025-07-08,2025-09-04,low
T16,J170,cosmetic,closed,2025-07-27,2025-07-12,low
T16,J170,cosmetic,closed,2025-07-27,2025-07-31,low
T16,J170,cosmetic,closed,2025-07-27,2025-09-04,low
T16,J170,cosmetic,closed,2025-08-31,2025-07-12,low
T16,J170,cosmetic,closed,2025-08-31,2025-07-31,low
T16,J170,cosmetic,closed,2025-08-31,2025-09-04,low
T17,J171,routine,closed,2025-07-14,2025-07-17,medium
T17,J171,routine,closed,2025-07-14,2025-05-30,medium
T17,J171,routine,closed,2025-07-14,2025-06-10,medium
T17,J171,routine,closed,2025-05-27,2025-07-17,medium
T17,J171,routine,closed,2025-05-27,2025-05-30,medium
T17,J171,routine,closed,2025-05-27,2025-06-10,medium
T17,J171,routine,closed,2025-06-07,2025-07-17,medium
T17,J171,routine,closed,2025-06-07,2025-05-30,medium
T17,J171,routine,closed,2025-06-07,2025-06-10,medium
T05,J172,safety,closed,2025-07-11,2025-07-12,high
T05,J172,safety,closed,2025-07-11,2025-05-07,high
T05,J172,safety,closed,2025-07-11,2025-06-09,high
T05,J172,safety,closed,2025-05-06,2025-07-12,high
T05,J172,safety,closed,2025-05-06,2025-05-07,high
T05,J172,safety,closed,2025-05-06,2025-06-09,high
T05,J172,safety,closed,2025-06-08,2025-07-12,high
T05,J172,safety,closed,2025-06-08,2025-05-07,high
T05,J172,safety,closed,2025-06-08,2025-06-09,high
T18,J173,cosmetic,open,2025-06-03,,low
T18,J173,cosmetic,open,2025-06-03,,low
T18,J173,cosmetic,open,2025-06-03,,low
T18,J173,cosmetic,open,2025-08-05,,low
T18,J173,cosmetic,open,2025-08-05,,low
T18,J173,cosmetic,open,2025-08-05,,low
T18,J173,cosmetic,open,2025-07-18,,low
T18,J173,cosmetic,open,2025-07-18,,low
T18,J173,cosmetic,open,2025-07-18,,low
T19,J174,routine,open,2025-09-03,,medium
T19,J174,routine,open,2025-09-03,,medium
T19,J174,routine,open,2025-09-03,,medium
T19,J174,routine,open,2025-06-27,,medium
T19,J174,routine,open,2025-06-27,,medium
T19,J174,routine,open,2025-06-27,,medium
T19,J174,routine,open,2025-06-10,,medium
T19,J174,routine,open,2025-06-10,,medium
T19,J174,routine,open,2025-06-10,,medium
T06,J175,safety,closed,2025-05-22,2025-05-23,high
T06,J175,safety,closed,2025-05-22,2025-07-29,high
T06,J175,safety,closed,2025-05-22,2025-07-09,high
T06,J175,safety,closed,2025-07-28,2025-05-23,high
T06,J175,safety,closed,2025-07-28,2025-07-29,high
T06,J175,safety,closed,2025-07-28,2025-07-09,high
T06,J175,safety,closed,2025-07-08,2025-05-23,high
T06,J175,safety,closed,2025-07-08,2025-07-29,high
T06,J175,safety,closed,2025-07-08,2025-07-09,high
T20,J176,cosmetic,closed,2025-06-12,2025-06-16,low
T20,J176,cosmetic,closed,2025-06-12,2025-07-22,low
T20,J176,cosmetic,closed,2025-06-12,2025-08-24,low
T20,J176,cosmetic,closed,2025-07-18,2025-06-16,low
T20,J176,cosmetic,closed,2025-07-18,2025-07-22,low
T20,J176,cosmetic,closed,2025-07-18,2025-08-24,low
T20,J176,cosmetic,closed,2025-08-20,2025-06-16,low
T20,J176,cosmetic,closed,2025-08-20,2025-07-22,low
T20,J176,cosmetic,closed,2025-08-20,2025-08-24,low
T21,J177,routine,closed,2025-07-22,2025-07-25,medium
T21,J177,routine,closed,2025-07-22,2025-05-24,medium
T21,J177,routine,closed,2025-07-22,2025-06-27,medium
T21,J177,routine,closed,2025-05-21,2025-07-25,medium
T21,J177,routine,closed,2025-05-21,2025-05-24,medium
T21,J177,routine,closed,2025-05-21,2025-06-27,medium
T21,J177,routine,closed,2025-06-24,2025-07-25,medium
T21,J177,routine,closed,2025-06-24,2025-05-24,medium
T21,J177,routine,closed,2025-06-24,2025-06-27,medium
T07,J178,safety,closed,2025-07-29,2025-07-30,high
T07,J178,safety,closed,2025-07-29,2025-05-30,high
T07,J178,safety,closed,2025-07-29,2025-05-09,high
T07,J178,safety,closed,2025-05-29,2025-07-30,high
T07,J178,safety,closed,2025-05-29,2025-05-30,high
T07,J178,safety,closed,2025-05-29,2025-05-09,high
T07,J178,safety,closed,2025-05-08,2025-07-30,high
T07,J178,safety,closed,2025-05-08,2025-05-30,high
T07,J178,safety,closed,2025-05-08,2025-05-09,high
T22,J179,routine,open,2025-05-24,,medium
T22,J179,routine,open,2025-05-24,,medium
T22,J179,routine,open,2025-05-24,,medium
T22,J179,routine,open,2025-08-01,,medium
T22,J179,routine,open,2025-08-01,,medium
T22,J179,routine,open,2025-08-01,,medium
T22,J179,routine,open,2025-07-14,,medium
T22,J179,routine,open,2025-07-14,,medium
T22,J179,routine,open,2025-07-14,,medium
T08,J180,cosmetic,closed,2025-06-22,2025-06-25,low
T08,J180,cosmetic,closed,2025-06-22,2025-07-09,low
T08,J180,cosmetic,closed,2025-06-22,2025-08-07,low
T08,J180,cosmetic,closed,2025-07-06,2025-06-25,low
T08,J180,cosmetic,closed,2025-07-06,2025-07-09,low
T08,J180,cosmetic,closed,2025-07-06,2025-08-07,low
T08,J180,cosmetic,closed,2025-08-04,2025-06-25,low
T08,J180,cosmetic,closed,2025-08-04,2025-07-09,low
T08,J180,cosmetic,closed,2025-08-04,2025-08-07,low
T23,J181,routine,closed,2025-08-04,2025-08-07,medium
T23,J181,routine,closed,2025-08-04,2025-06-17,medium
T23,J181,routine,closed,2025-08-04,2025-05-07,medium
T23,J181,routine,closed,2025-06-14,2025-08-07,medium
T23,J181,routine,closed,2025-06-14,2025-06-17,medium
T23,J181,routine,closed,2025-06-14,2025-05-07,medium
T23,J181,routine,closed,2025-05-04,2025-08-07,medium
T23,J181,routine,closed,2025-05-04,2025-06-17,medium
T23,J181,routine,closed,2025-05-04,2025-05-07,medium
T09,J182,safety,open,2025-08-07,,high
T09,J182,safety,open,2025-08-07,,high
T09,J182,safety,open,2025-08-07,,high
T09,J182,safety,open,2025-05-25,,high
T09,J182,safety,open,2025-05-25,,high
T09,J182,safety,open,2025-05-25,,high
T09,J182,safety,open,2025-06-30,,high
T09,J182,safety,open,2025-06-30,,high
T09,J182,safety,open,2025-06-30,,high
T24,J183,cosmetic,closed,2025-06-28,2025-07-01,low
T24,J183,cosmetic,closed,2025-06-28,2025-07-21,low
T24,J183,cosmetic,closed,2025-06-28,2025-08-23,low
T24,J183,cosmetic,closed,2025-07-18,2025-07-01,low
T24,J183,cosmetic,closed,2025-07-18,2025-07-21,low
T24,J183,cosmetic,closed,2025-07-18,2025-08-23,low
T24,J183,cosmetic,closed,2025-08-20,2025-07-01,low
T24,J183,cosmetic,closed,2025-08-20,2025-07-21,low
T24,J183,cosmetic,closed,2025-08-20,2025-08-23,low
T10,J184,routine,closed,2025-05-23,2025-05-26,medium
T10,J184,routine,closed,2025-05-23,2025-07-20,medium
T10,J184,routine,closed,2025-05-23,2025-06-28,medium
T10,J184,routine,closed,2025-07-17,2025-05-26,medium
T10,J184,routine,closed,2025-07-17,2025-07-20,medium
T10,J184,routine,closed,2025-07-17,2025-06-28,medium
T10,J184,routine,closed,2025-06-25,2025-05-26,medium
T10,J184,routine,closed,2025-06-25,2025-07-20,medium
T10,J184,routine,closed,2025-06-25,2025-06-28,medium
T25,J185,safety,closed,2025-07-06,2025-07-07,high
T25,J185,safety,closed,2025-07-06,2025-05-02,high
T25,J185,safety,closed,2025-07-06,2025-06-12,high
T25,J185,safety,closed,2025-05-01,2025-07-07,high
T25,J185,safety,closed,2025-05-01,2025-05-02,high
T25,J185,safety,closed,2025-05-01,2025-06-12,high
T25,J185,safety,closed,2025-06-11,2025-07-07,high
T25,J185,safety,closed,2025-06-11,2025-05-02,high
T25,J185,safety,closed,2025-06-11,2025-06-12,high
T11,J186,cosmetic,open,2025-08-27,,low
T11,J186,cosmetic,open,2025-08-27,,low
T11,J186,cosmetic,open,2025-08-27,,low
T11,J186,cosmetic,open,2025-06-17,,low
T11,J186,cosmetic,open,2025-06-17,,low
T11,J186,cosmetic,open,2025-06-17,,low
T11,J186,cosmetic,open,2025-05-27,,low
T11,J186,cosmetic,open,2025-05-27,,low
T11,J186,cosmetic,open,2025-05-27,,low
T01,J187,routine,open,2025-07-02,,medium
T01,J187,routine,open,2025-07-02,,medium
T01,J187,routine,open,2025-07-02,,medium
T01,J187,routine,open,2025-07-29,,medium
T01,J187,routine,open,2025-07-29,,medium
T01,J187,routine,open,2025-07-29,,medium
T01,J187,routine,open,2025-08-27,,medium
T01,J187,routine,open,2025-08-27,,medium
T01,J187,routine,open,2025-08-27,,medium
T12,J188,safety,closed,2025-06-19,2025-06-20,high
T12,J188,safety,closed,2025-06-19,2025-07-04,high
T12,J188,safety,closed,2025-06-19,2025-07-31,high
T12,J188,safety,closed,2025-07-03,2025-06-20,high
T12,J188,safety,closed,2025-07-03,2025-07-04,high
T12,J188,safety,closed,2025-07-03,2025-07-31,high
T12,J188,safety,closed,2025-07-30,2025-06-20,high
T12,J188,safety,closed,2025-07-30,2025-07-04,high
T12,J188,safety,closed,2025-07-30,2025-07-31,high
T02,J189,cosmetic,closed,2025-06-06,2025-06-10,low
T02,J189,cosmetic,closed,2025-06-06,2025-06-24,low
T02,J189,cosmetic,closed,2025-06-06,2025-07-26,low
T02,J189,cosmetic,closed,2025-06-20,2025-06-10,low
T02,J189,cosmetic,closed,2025-06-20,2025-06-24,low
T02,J189,cosmetic,closed,2025-06-20,2025-07-26,low
T02,J189,cosmetic,closed,2025-07-22,2025-06-10,low
T02,J189,cosmetic,closed,2025-07-22,2025-06-24,low
T02,J189,cosmetic,closed,2025-07-22,2025-07-26,low
T13,J190,routine,closed,2025-07-13,2025-07-16,medium
T13,J190,routine,closed,2025-07-13,2025-05-26,medium
T13,J190,routine,closed,2025-07-13,2025-06-21,medium
T13,J190,routine,closed,2025-05-23,2025-07-16,medium
T13,J190,routine,closed,2025-05-23,2025-05-26,medium
T13,J190,routine,closed,2025-05-23,2025-06-21,medium
T13,J190,routine,closed,2025-06-18,2025-07-16,medium
T13,J190,routine,closed,2025-06-18,2025-05-26,medium
T13,J190,routine,closed,2025-06-18,2025-06-21,medium
T03,J191,safety,closed,2025-07-30,2025-07-31,high
T03,J191,safety,closed,2025-07-30,2025-05-24,high
T03,J191,safety,closed,2025-07-30,2025-06-08,high
T03,J191,safety,closed,2025-05-23,2025-07-31,high
T03,J191,safety,closed,2025-05-23,2025-05-24,high
T03,J191,safety,closed,2025-05-23,2025-06-08,high
T03,J191,safety,closed,2025-06-07,2025-07-31,high
T03,J191,safety,closed,2025-06-07,2025-05-24,high
T03,J191,safety,closed,2025-06-07,2025-06-08,high
T14,J192,routine,open,2025-05-21,,medium
T14,J192,routine,open,2025-05-21,,medium
T14,J192,routine,open,2025-05-21,,medium
T14,J192,routine,open,2025-08-13,,medium
T14,J192,routine,open,2025-08-13,,medium
T14,J192,routine,open,2025-08-13,,medium
T14,J192,routine,open,2025-07-23,,medium
T14,J192,routine,open,2025-07-23,,medium
T14,J192,routine,open,2025-07-23,,medium
T15,J193,cosmetic,closed,2025-08-17,2025-08-20,low
T15,J193,cosmetic,closed,2025-08-17,2025-06-24,low
T15,J193,cosmetic,closed,2025-08-17,2025-05-20,low
T15,J193,cosmetic,closed,2025-06-21,2025-08-20,low
T15,J193,cosmetic,closed,2025-06-21,2025-06-24,low
T15,J193,cosmetic,closed,2025-06-21,2025-05-20,low
T15,J193,cosmetic,closed,2025-05-17,2025-08-20,low
T15,J193,cosmetic,closed,2025-05-17,2025-06-24,low
T15,J193,cosmetic,closed,2025-05-17,2025-05-20,low
T04,J194,routine,closed,2025-05-31,2025-06-03,medium
T04,J194,routine,closed,2025-05-31,2025-07-08,medium
T04,J194,routine,closed,2025-05-31,2025-08-18,medium
T04,J194,routine,closed,2025-07-05,2025-06-03,medium
T04,J194,routine,closed,2025-07-05,2025-07-08,medium
T04,J194,routine,closed,2025-07-05,2025-08-18,medium
T04,J194,routine,closed,2025-08-15,2025-06-03,medium
T04,J194,routine,closed,2025-08-15,2025-07-08,medium
T04,J194,routine,closed,2025-08-15,2025-08-18,medium
T16,J195,safety,open,2025-07-13,,high
T16,J195,safety,open,2025-07-13,,high
T16,J195,safety,open,2025-07-13,,high
T16,J195,safety,open,2025-08-01,,high
T16,J195,safety,open,2025-08-01,,high
T16,J195,safety,open,2025-08-01,,high
T16,J195,safety,open,2025-09-05,,high
T16,J195,safety,open,2025-09-05,,high
T16,J195,safety,open,2025-09-05,,high
T17,J196,cosmetic,closed,2025-07-19,2025-07-22,low
T17,J196,cosmetic,closed,2025-07-19,2025-06-04,low
T17,J196,cosmetic,closed,2025-07-19,2025-06-15,low
T17,J196,cosmetic,closed,2025-06-01,2025-07-22,low
T17,J196,cosmetic,closed,2025-06-01,2025-06-04,low
T17,J196,cosmetic,closed,2025-06-01,2025-06-15,low
T17,J196,cosmetic,closed,2025-06-12,2025-07-22,low
T17,J196,cosmetic,closed,2025-06-12,2025-06-04,low
T17,J196,cosmetic,closed,2025-06-12,2025-06-15,low
T05,J197,routine,closed,2025-07-09,2025-07-12,medium
T05,J197,routine,closed,2025-07-09,2025-05-07,medium
T05,J197,routine,closed,2025-07-09,2025-06-09,medium
T05,J197,routine,closed,2025-05-04,2025-07-12,medium
T05,J197,routine,closed,2025-05-04,2025-05-07,medium
T05,J197,routine,closed,2025-05-04,2025-06-09,medium
T05,J197,routine,closed,2025-06-06,2025-07-12,medium
T05,J197,routine,closed,2025-06-06,2025-05-07,medium
T05,J197,routine,closed,2025-06-06,2025-06-09,medium
T18,J198,safety,closed,2025-05-16,2025-05-17,high
T18,J198,safety,closed,2025-05-16,2025-07-19,high
T18,J198,safety,closed,2025-05-16,2025-07-01,high
T18,J198,safety,closed,2025-07-18,2025-05-17,high
T18,J198,safety,closed,2025-07-18,2025-07-19,high
T18,J198,safety,closed,2025-07-18,2025-07-01,high
T18,J198,safety,closed,2025-06-30,2025-05-17,high
T18,J198,safety,closed,2025-06-30,2025-07-19,high
T18,J198,safety,closed,2025-06-30,2025-07-01,high
T19,J199,cosmetic,open,2025-08-31,,low
T19,J199,cosmetic,open,2025-08-31,,low
T19,J199,cosmetic,open,2025-08-31,,low
T19,J199,cosmetic,open,2025-06-24,,low
T19,J199,cosmetic,open,2025-06-24,,low
T19,J199,cosmetic,open,2025-06-24,,low
T19,J199,cosmetic,open,2025-06-07,,low
T19,J199,cosmetic,open,2025-06-07,,low
T19,J199,cosmetic,open,2025-06-07,,low
T06,J200,routine,open,2025-06-11,,medium
T06,J200,routine,open,2025-06-11,,medium
T06,J200,routine,open,2025-06-11,,medium
T06,J200,routine,open,2025-08-17,,medium
T06,J200,routine,open,2025-08-17,,medium
T06,J200,routine,open,2025-08-17,,medium
T06,J200,routine,open,2025-07-28,,medium
T06,J200,routine,open,2025-07-28,,medium
T06,J200,routine,open,2025-07-28,,medium
